image_name,true_label,predicted_label,correct
Anomaly_7Cc9xc.jpg,Anomaly,Normal,False
Anomaly_6FQ1Vl.jpg,Anomaly,Anomaly,True
Anomaly_SkCgIS.jpg,Anomaly,Anomaly,True
Anomaly_EodJCV.jpg,Anomaly,Anomaly,True
Anomaly_zQsgVP.jpg,Anomaly,Anomaly,True
Normal_LJLjKu.jpg,Normal,Normal,True
Normal_CSDE8D.jpg,Normal,Normal,True
Anomaly_EEzMBV.jpg,Anomaly,Normal,False
Anomaly_B4I9z8.jpg,Anomaly,Anomaly,True
Normal_8uretw.jpg,Normal,Normal,True
Normal_vRNv00.jpg,Normal,Normal,True
Normal_zGyIEK.jpg,Normal,Normal,True
Anomaly_czp6rl.jpg,Anomaly,Anomaly,True
Normal_v5m4YW.jpg,Normal,Normal,True
Anomaly_Et3TLx.jpg,Anomaly,Anomaly,True
Anomaly_46yHRW.jpg,Anomaly,Anomaly,True
Normal_Vb2Xjw.jpg,Normal,Normal,True
Normal_pqGYVq.jpg,Normal,Normal,True
Anomaly_sm493B.jpg,Anomaly,Anomaly,True
Anomaly_JrxmRL.jpg,Anomaly,Anomaly,True
Anomaly_eIYSZP.jpg,Anomaly,Anomaly,True
Normal_cxeBJr.jpg,Normal,Normal,True
Normal_yww7Pt.jpg,Normal,Normal,True
Anomaly_0quJk4.jpg,Anomaly,Anomaly,True
Normal_dBcxeB.jpg,Normal,Anomaly,False
Anomaly_UrnTJa.jpg,Anomaly,Anomaly,True
Normal_ckP51U.jpg,Normal,Normal,True
Anomaly_N6otIV.jpg,Anomaly,Anomaly,True
Normal_nVhMNb.jpg,Normal,Normal,True
Anomaly_Z5Agh5.jpg,Anomaly,Anomaly,True
Normal_UcCekP.jpg,Normal,Normal,True
Normal_DfP9Ra.jpg,Normal,Normal,True
Normal_AtbxS2.jpg,Normal,Normal,True
Normal_ocbpoQ.jpg,Normal,Normal,True
Normal_aVsVSX.jpg,Normal,Normal,True
Normal_oTOZ59.jpg,Normal,Normal,True
Anomaly_68BlVM.jpg,Anomaly,Normal,False
Anomaly_cKJGER.jpg,Anomaly,Anomaly,True
Anomaly_4CeNHc.jpg,Anomaly,Anomaly,True
Normal_zVcvyg.jpg,Normal,Normal,True
Anomaly_EiJsbS.jpg,Anomaly,Anomaly,True
Anomaly_wJ5h89.jpg,Anomaly,Anomaly,True
Normal_IH2pqy.jpg,Normal,Normal,True
Normal_1hWeCv.jpg,Normal,Normal,True
Normal_43MT0c.jpg,Normal,Normal,True
Normal_eUBJWn.jpg,Normal,Normal,True
Anomaly_CrZ5dA.jpg,Anomaly,Anomaly,True
Normal_uxzb70.jpg,Normal,Normal,True
Anomaly_xP99u9.jpg,Anomaly,Anomaly,True
Anomaly_8GBhhs.jpg,Anomaly,Anomaly,True
Anomaly_PDtdPW.jpg,Anomaly,Anomaly,True
Normal_SGVA4Y.jpg,Normal,Normal,True
Normal_77K3Jz.jpg,Normal,Normal,True
Anomaly_xHYm9t.jpg,Anomaly,Anomaly,True
Anomaly_lx9F27.jpg,Anomaly,Anomaly,True
Normal_3mCZNA.jpg,Normal,Normal,True
Normal_XUVEUP.jpg,Normal,Normal,True
Anomaly_YHEHNb.jpg,Anomaly,Anomaly,True
Normal_lizTGN.jpg,Normal,Normal,True
Anomaly_AxWlu9.jpg,Anomaly,Anomaly,True
Normal_ZjOptb.jpg,Normal,Normal,True
Normal_01NNr8.jpg,Normal,Normal,True
Anomaly_YrKXej.jpg,Anomaly,Normal,False
Anomaly_UwCyF3.jpg,Anomaly,Anomaly,True
Anomaly_WA3EGB.jpg,Anomaly,Anomaly,True
Anomaly_qxpPFk.jpg,Anomaly,Anomaly,True
Anomaly_Kx1niA.jpg,Anomaly,Normal,False
Normal_xTS7O0.jpg,Normal,Normal,True
Normal_Bc7KgJ.jpg,Normal,Normal,True
Anomaly_MMlqMh.jpg,Anomaly,Normal,False
Anomaly_Pimcxe.jpg,Anomaly,Anomaly,True
Anomaly_KPOqLq.jpg,Anomaly,Anomaly,True
Anomaly_i5z6oS.jpg,Anomaly,Normal,False
Anomaly_xfPFW8.jpg,Anomaly,Anomaly,True
Normal_SK3qMV.jpg,Normal,Normal,True
Anomaly_rGjARk.jpg,Anomaly,Anomaly,True
Anomaly_EoJEif.jpg,Anomaly,Anomaly,True
Normal_5pUB5C.jpg,Normal,Normal,True
Normal_bZIAzR.jpg,Normal,Normal,True
Normal_yZnLzl.jpg,Normal,Normal,True
Normal_4YtH5a.jpg,Normal,Anomaly,False
Normal_fb21jt.jpg,Normal,Normal,True
Anomaly_wQPmyg.jpg,Anomaly,Normal,False
Anomaly_8RHP2R.jpg,Anomaly,Normal,False
Anomaly_N7cmo5.jpg,Anomaly,Anomaly,True
Anomaly_TvdMzj.jpg,Anomaly,Anomaly,True
Anomaly_n30oWY.jpg,Anomaly,Anomaly,True
Normal_YQsLgS.jpg,Normal,Normal,True
Anomaly_DNgegO.jpg,Anomaly,Anomaly,True
Normal_fD6x01.jpg,Normal,Normal,True
Anomaly_lyX9oh.jpg,Anomaly,Anomaly,True
Normal_FmXJN6.jpg,Normal,Normal,True
Anomaly_991mXb.jpg,Anomaly,Anomaly,True
Anomaly_tBRkoS.jpg,Anomaly,Anomaly,True
Normal_CHMItU.jpg,Normal,Normal,True
Anomaly_GARobI.jpg,Anomaly,Anomaly,True
Normal_tVdgBI.jpg,Normal,Normal,True
Normal_tl7VUJ.jpg,Normal,Normal,True
Normal_9epk1I.jpg,Normal,Normal,True
Anomaly_22GiH4.jpg,Anomaly,Normal,False
Anomaly_nNZ87v.jpg,Anomaly,Anomaly,True
Normal_j3MhJY.jpg,Normal,Normal,True
Anomaly_aNHsmS.jpg,Anomaly,Anomaly,True
Normal_3A0OMw.jpg,Normal,Normal,True
Normal_A42hGd.jpg,Normal,Normal,True
Normal_XJcgNn.jpg,Normal,Normal,True
Anomaly_OOPYAy.jpg,Anomaly,Anomaly,True
Normal_YFelt9.jpg,Normal,Normal,True
Normal_d3gIbY.jpg,Normal,Normal,True
Normal_HZaTZq.jpg,Normal,Normal,True
Anomaly_AoMHOB.jpg,Anomaly,Normal,False
Normal_ZlnxlA.jpg,Normal,Normal,True
Anomaly_d9FvQU.jpg,Anomaly,Anomaly,True
Normal_BuG3Pp.jpg,Normal,Anomaly,False
Normal_Sy726D.jpg,Normal,Normal,True
Anomaly_ZW1fki.jpg,Anomaly,Anomaly,True
Normal_fdXmca.jpg,Normal,Normal,True
Anomaly_BMor59.jpg,Anomaly,Anomaly,True
Normal_bYiaE8.jpg,Normal,Normal,True
Anomaly_EWQVmC.jpg,Anomaly,Anomaly,True
Normal_M5aL7G.jpg,Normal,Normal,True
Anomaly_CFkG6O.jpg,Anomaly,Anomaly,True
Normal_teAszI.jpg,Normal,Normal,True
Normal_qCSn0K.jpg,Normal,Normal,True
Anomaly_oDrX4H.jpg,Anomaly,Normal,False
Normal_gXBnGY.jpg,Normal,Normal,True
Normal_aaFadf.jpg,Normal,Normal,True
Normal_L0bMxf.jpg,Normal,Normal,True
Anomaly_GZU9j5.jpg,Anomaly,Anomaly,True
Normal_cetmR2.jpg,Normal,Normal,True
Anomaly_6aHxGp.jpg,Anomaly,Anomaly,True
Normal_DYt91O.jpg,Normal,Normal,True
Normal_2C3FEs.jpg,Normal,Normal,True
Anomaly_kH8EhT.jpg,Anomaly,Normal,False
Normal_SvUQL2.jpg,Normal,Normal,True
Normal_zHOx0M.jpg,Normal,Normal,True
Anomaly_LWcyDL.jpg,Anomaly,Anomaly,True
Anomaly_11Rxwt.jpg,Anomaly,Anomaly,True
Anomaly_bp6qQP.jpg,Anomaly,Anomaly,True
Normal_lUYyjn.jpg,Normal,Normal,True
Anomaly_YfcmF6.jpg,Anomaly,Anomaly,True
Anomaly_jmJOkc.jpg,Anomaly,Normal,False
Normal_IkVBmH.jpg,Normal,Normal,True
Anomaly_9nNBA0.jpg,Anomaly,Anomaly,True
Anomaly_nUAdUK.jpg,Anomaly,Anomaly,True
Normal_Y5O05P.jpg,Normal,Normal,True
Anomaly_dJ8Hpk.jpg,Anomaly,Anomaly,True
Anomaly_gq7N3n.jpg,Anomaly,Anomaly,True
Normal_T8t5j7.jpg,Normal,Normal,True
Normal_6TIe9T.jpg,Normal,Normal,True
Anomaly_mjCBrS.jpg,Anomaly,Anomaly,True
Normal_dn7Cyp.jpg,Normal,Normal,True
Anomaly_KhlZRV.jpg,Anomaly,Anomaly,True
Normal_p6R3U9.jpg,Normal,Normal,True
Normal_IZJ84h.jpg,Normal,Normal,True
Normal_Gp8MrK.jpg,Normal,Normal,True
Anomaly_iXEzRq.jpg,Anomaly,Anomaly,True
Anomaly_Fg7kGU.jpg,Anomaly,Anomaly,True
Normal_3LDlDH.jpg,Normal,Normal,True
Anomaly_cTKP01.jpg,Anomaly,Anomaly,True
Anomaly_OM1pdL.jpg,Anomaly,Anomaly,True
Anomaly_ROWE3p.jpg,Anomaly,Anomaly,True
Normal_BrVpHR.jpg,Normal,Normal,True
Anomaly_Tp58Fo.jpg,Anomaly,Anomaly,True
Normal_WuLxrD.jpg,Normal,Normal,True
Anomaly_mTPYeZ.jpg,Anomaly,Anomaly,True
Normal_3wLzEj.jpg,Normal,Normal,True
Normal_c7anLN.jpg,Normal,Normal,True
Normal_nYUvfQ.jpg,Normal,Normal,True
Anomaly_1syx7I.jpg,Anomaly,Normal,False
Anomaly_SUdAlf.jpg,Anomaly,Anomaly,True
Normal_fmBcRX.jpg,Normal,Normal,True
Anomaly_GQ9VI0.jpg,Anomaly,Anomaly,True
Normal_FFGxvL.jpg,Normal,Normal,True
Anomaly_KzaONv.jpg,Anomaly,Anomaly,True
Anomaly_7IwWu8.jpg,Anomaly,Anomaly,True
Anomaly_C5LzW6.jpg,Anomaly,Anomaly,True
Normal_jbHaDc.jpg,Normal,Normal,True
Normal_sE8mKx.jpg,Normal,Normal,True
Normal_7WkUkW.jpg,Normal,Normal,True
Anomaly_M7BGUw.jpg,Anomaly,Anomaly,True
Normal_d87fAw.jpg,Normal,Normal,True
Anomaly_CAN2OG.jpg,Anomaly,Anomaly,True
Anomaly_Mu9S3y.jpg,Anomaly,Anomaly,True
Anomaly_faMRnA.jpg,Anomaly,Normal,False
Anomaly_wYO0gM.jpg,Anomaly,Anomaly,True
Anomaly_AnXAiK.jpg,Anomaly,Anomaly,True
Anomaly_JXKcM1.jpg,Anomaly,Anomaly,True
Anomaly_u7mMRP.jpg,Anomaly,Anomaly,True
Anomaly_TTN4oJ.jpg,Anomaly,Anomaly,True
Anomaly_xQm37R.jpg,Anomaly,Anomaly,True
Normal_6yadsj.jpg,Normal,Normal,True
Normal_DNI5yb.jpg,Normal,Normal,True
Anomaly_Slof6b.jpg,Anomaly,Anomaly,True
Normal_QEXneB.jpg,Normal,Normal,True
Anomaly_9W9iF5.jpg,Anomaly,Normal,False
Anomaly_AuwU5Q.jpg,Anomaly,Anomaly,True
Normal_DZGtNs.jpg,Normal,Normal,True
Normal_o3WXWh.jpg,Normal,Normal,True
Anomaly_3mpklK.jpg,Anomaly,Anomaly,True
Normal_u7UPxi.jpg,Normal,Normal,True
Anomaly_YLJKW9.jpg,Anomaly,Anomaly,True
Normal_fFa9Fe.jpg,Normal,Normal,True
Normal_CVMsaD.jpg,Normal,Normal,True
Normal_sZCrDu.jpg,Normal,Normal,True
Anomaly_eNzFVN.jpg,Anomaly,Anomaly,True
Normal_iO1op8.jpg,Normal,Normal,True
Anomaly_QL3O9T.jpg,Anomaly,Normal,False
Anomaly_5NDZ2H.jpg,Anomaly,Anomaly,True
Anomaly_pFYUCi.jpg,Anomaly,Anomaly,True
Anomaly_q134B3.jpg,Anomaly,Anomaly,True
Normal_ZAJ0Pr.jpg,Normal,Normal,True
Anomaly_c7BD2j.jpg,Anomaly,Anomaly,True
Anomaly_yKnedO.jpg,Anomaly,Anomaly,True
Normal_cPC2YL.jpg,Normal,Normal,True
Anomaly_HURcql.jpg,Anomaly,Anomaly,True
Anomaly_n8Ww0y.jpg,Anomaly,Anomaly,True
Normal_Oc5r5Y.jpg,Normal,Normal,True
Anomaly_m6H9Pk.jpg,Anomaly,Anomaly,True
Anomaly_DmLNQJ.jpg,Anomaly,Anomaly,True
Anomaly_IqVJz2.jpg,Anomaly,Anomaly,True
Normal_PcmHbQ.jpg,Normal,Normal,True
Anomaly_aC1ho1.jpg,Anomaly,Anomaly,True
Normal_8BSStc.jpg,Normal,Normal,True
Normal_0B81jf.jpg,Normal,Normal,True
Normal_VFmuFy.jpg,Normal,Normal,True
Anomaly_aqllKA.jpg,Anomaly,Normal,False
Normal_MfyMYD.jpg,Normal,Normal,True
Anomaly_FxuimG.jpg,Anomaly,Anomaly,True
Anomaly_9iYAUB.jpg,Anomaly,Anomaly,True
Anomaly_JvYoLN.jpg,Anomaly,Anomaly,True
Normal_pW5LIJ.jpg,Normal,Normal,True
Normal_FtAXxe.jpg,Normal,Normal,True
Normal_f9cD0I.jpg,Normal,Normal,True
Anomaly_fKa4LR.jpg,Anomaly,Anomaly,True
Anomaly_uqyezw.jpg,Anomaly,Normal,False
Normal_xiwmPJ.jpg,Normal,Normal,True
Normal_6wusdf.jpg,Normal,Normal,True
Normal_LaebQd.jpg,Normal,Normal,True
Anomaly_q0qFh7.jpg,Anomaly,Anomaly,True
Normal_LEt4Dr.jpg,Normal,Normal,True
Normal_QLLVvR.jpg,Normal,Normal,True
Anomaly_EepoUP.jpg,Anomaly,Anomaly,True
Anomaly_xFJ1Qi.jpg,Anomaly,Anomaly,True
Anomaly_wzyt7J.jpg,Anomaly,Anomaly,True
Anomaly_U0wTum.jpg,Anomaly,Anomaly,True
Normal_QOl7Ka.jpg,Normal,Normal,True
Anomaly_GGJ7NF.jpg,Anomaly,Anomaly,True
Anomaly_MLb5dO.jpg,Anomaly,Anomaly,True
Normal_Nw4M3o.jpg,Normal,Normal,True
Normal_gUBeb7.jpg,Normal,Normal,True
Anomaly_ACi1R9.jpg,Anomaly,Anomaly,True
Normal_fEDoBu.jpg,Normal,Normal,True
Anomaly_SfXmY2.jpg,Anomaly,Anomaly,True
Anomaly_Frrric.jpg,Anomaly,Anomaly,True
Anomaly_gHBGNa.jpg,Anomaly,Anomaly,True
Anomaly_a5xP2f.jpg,Anomaly,Anomaly,True
Anomaly_ELL14F.jpg,Anomaly,Normal,False
Normal_dpE3hZ.jpg,Normal,Normal,True
Normal_1JmlR2.jpg,Normal,Normal,True
Normal_1tlrxD.jpg,Normal,Normal,True
Anomaly_ZtXNLJ.jpg,Anomaly,Anomaly,True
Normal_z2KPpL.jpg,Normal,Normal,True
Normal_ngo68I.jpg,Normal,Normal,True
Anomaly_C3ifZK.jpg,Anomaly,Normal,False
Normal_rntN2V.jpg,Normal,Normal,True
Normal_y4ceKZ.jpg,Normal,Normal,True
Normal_uHFM23.jpg,Normal,Normal,True
Normal_gPb8eh.jpg,Normal,Normal,True
Normal_shlVoe.jpg,Normal,Normal,True
Anomaly_hTkukb.jpg,Anomaly,Anomaly,True
Anomaly_8ainBF.jpg,Anomaly,Normal,False
Anomaly_eW2Xgg.jpg,Anomaly,Anomaly,True
Anomaly_TlXSvb.jpg,Anomaly,Normal,False
Normal_DSBQEX.jpg,Normal,Normal,True
Normal_TOoP4s.jpg,Normal,Normal,True
Normal_hRnZne.jpg,Normal,Normal,True
Anomaly_gPmCCO.jpg,Anomaly,Anomaly,True
Anomaly_aAqb20.jpg,Anomaly,Normal,False
Anomaly_Rv9Ww6.jpg,Anomaly,Anomaly,True
Anomaly_b03CAb.jpg,Anomaly,Normal,False
Normal_ZNwFfr.jpg,Normal,Normal,True
Normal_YczO69.jpg,Normal,Normal,True
Normal_4eP71V.jpg,Normal,Normal,True
Normal_pqnW3L.jpg,Normal,Normal,True
Anomaly_XtG1e5.jpg,Anomaly,Normal,False
Anomaly_B02ebT.jpg,Anomaly,Anomaly,True
Anomaly_gEGtKE.jpg,Anomaly,Anomaly,True
Normal_6i178v.jpg,Normal,Normal,True
Normal_msaLUY.jpg,Normal,Normal,True
Normal_05NqeB.jpg,Normal,Normal,True
Normal_dFu5PV.jpg,Normal,Normal,True
Normal_Ri7hcQ.jpg,Normal,Normal,True
Anomaly_4MFWCC.jpg,Anomaly,Anomaly,True
Normal_oio5CU.jpg,Normal,Normal,True
Anomaly_aj3vsQ.jpg,Anomaly,Anomaly,True
Anomaly_plNT1G.jpg,Anomaly,Normal,False
Normal_vcNjIm.jpg,Normal,Normal,True
Normal_Uc1TZH.jpg,Normal,Normal,True
Anomaly_RnPU41.jpg,Anomaly,Anomaly,True
Anomaly_WyhNXr.jpg,Anomaly,Normal,False
Normal_4cJ6fn.jpg,Normal,Normal,True
Anomaly_T3y1MD.jpg,Anomaly,Anomaly,True
Anomaly_6eB0jP.jpg,Anomaly,Anomaly,True
Anomaly_QU608f.jpg,Anomaly,Anomaly,True
Normal_ySQO3b.jpg,Normal,Normal,True
Normal_9KofoN.jpg,Normal,Normal,True
Anomaly_yvGm2q.jpg,Anomaly,Anomaly,True
Anomaly_orc2lX.jpg,Anomaly,Anomaly,True
Anomaly_fcOyhg.jpg,Anomaly,Anomaly,True
Normal_sCzaD1.jpg,Normal,Normal,True
Normal_07tzS9.jpg,Normal,Normal,True
Anomaly_jB2zpc.jpg,Anomaly,Anomaly,True
Normal_9GNkI3.jpg,Normal,Normal,True
Normal_cD9Kfu.jpg,Normal,Normal,True
Anomaly_fqDIGW.jpg,Anomaly,Normal,False
Normal_MTGPFk.jpg,Normal,Normal,True
Normal_B1l05c.jpg,Normal,Normal,True
Normal_EcSqkt.jpg,Normal,Normal,True
Anomaly_DbOngB.jpg,Anomaly,Normal,False
Normal_wlboGA.jpg,Normal,Normal,True
Anomaly_dH1h55.jpg,Anomaly,Normal,False
Anomaly_GXxGIf.jpg,Anomaly,Normal,False
Anomaly_qz1tqE.jpg,Anomaly,Normal,False
Normal_9VcNKD.jpg,Normal,Normal,True
Normal_shKznX.jpg,Normal,Normal,True
Normal_VMao62.jpg,Normal,Normal,True
Normal_HwU1xV.jpg,Normal,Normal,True
Normal_qwqTzT.jpg,Normal,Normal,True
Anomaly_iP4KVC.jpg,Anomaly,Anomaly,True
Anomaly_GngcwE.jpg,Anomaly,Anomaly,True
Normal_pGHlnr.jpg,Normal,Normal,True
Anomaly_V3qtWv.jpg,Anomaly,Anomaly,True
Normal_v6aAEi.jpg,Normal,Normal,True
Anomaly_NEJrEQ.jpg,Anomaly,Anomaly,True
Normal_2Cmx6O.jpg,Normal,Normal,True
Normal_GbZXBQ.jpg,Normal,Normal,True
Normal_YKbk97.jpg,Normal,Normal,True
Anomaly_diDT2v.jpg,Anomaly,Anomaly,True
Anomaly_r6UW1G.jpg,Anomaly,Normal,False
Anomaly_SeOrtt.jpg,Anomaly,Anomaly,True
Anomaly_2fw5jG.jpg,Anomaly,Anomaly,True
Normal_npViak.jpg,Normal,Anomaly,False
Normal_y0qS0q.jpg,Normal,Normal,True
Normal_Mn5mho.jpg,Normal,Normal,True
Anomaly_XISAUH.jpg,Anomaly,Anomaly,True
Normal_U4bYSm.jpg,Normal,Normal,True
Anomaly_kjW08K.jpg,Anomaly,Normal,False
Anomaly_TjZlzU.jpg,Anomaly,Normal,False
Anomaly_4VRAe8.jpg,Anomaly,Anomaly,True
Anomaly_YYzHOy.jpg,Anomaly,Anomaly,True
Anomaly_u8bkwR.jpg,Anomaly,Anomaly,True
Anomaly_bS5OCz.jpg,Anomaly,Anomaly,True
Normal_gevR5f.jpg,Normal,Normal,True
Normal_yPXhMK.jpg,Normal,Normal,True
Normal_Punvs1.jpg,Normal,Normal,True
Anomaly_3nK52a.jpg,Anomaly,Anomaly,True
Anomaly_WQpbPw.jpg,Anomaly,Anomaly,True
Normal_eGZxWi.jpg,Normal,Normal,True
Normal_mr1GVv.jpg,Normal,Normal,True
Anomaly_KPpUlp.jpg,Anomaly,Anomaly,True
Normal_qIAGNz.jpg,Normal,Normal,True
Normal_ZVI4tJ.jpg,Normal,Normal,True
Anomaly_LZRm2K.jpg,Anomaly,Normal,False
Normal_smv1w8.jpg,Normal,Normal,True
Normal_T9iZKT.jpg,Normal,Normal,True
Normal_6hYqTG.jpg,Normal,Anomaly,False
Normal_IMX8V6.jpg,Normal,Normal,True
Anomaly_NTKm47.jpg,Anomaly,Anomaly,True
Normal_FvIpFx.jpg,Normal,Normal,True
Anomaly_E5rNaT.jpg,Anomaly,Anomaly,True
Normal_WYMxEk.jpg,Normal,Normal,True
Anomaly_BJAN21.jpg,Anomaly,Anomaly,True
Normal_aUy8mR.jpg,Normal,Normal,True
Anomaly_mcWC7M.jpg,Anomaly,Anomaly,True
Anomaly_RyZ1GQ.jpg,Anomaly,Anomaly,True
Normal_tEgW8l.jpg,Normal,Normal,True
Anomaly_3vSw2u.jpg,Anomaly,Anomaly,True
Anomaly_EbuXPg.jpg,Anomaly,Normal,False
Normal_ds3bAn.jpg,Normal,Normal,True
Anomaly_blS1o8.jpg,Anomaly,Normal,False
Normal_eYgrr5.jpg,Normal,Normal,True
Anomaly_NUs4Tl.jpg,Anomaly,Anomaly,True
Normal_yLtF2X.jpg,Normal,Normal,True
Normal_Dp9umi.jpg,Normal,Normal,True
Anomaly_HcZ9ef.jpg,Anomaly,Anomaly,True
Normal_is7kCZ.jpg,Normal,Normal,True
Normal_1VjWGK.jpg,Normal,Normal,True
Normal_pNoPiw.jpg,Normal,Normal,True
Anomaly_AUHyly.jpg,Anomaly,Anomaly,True
Anomaly_xBTosT.jpg,Anomaly,Anomaly,True
Anomaly_HfPFOE.jpg,Anomaly,Anomaly,True
Normal_RcJa5h.jpg,Normal,Normal,True
Anomaly_mhmjaf.jpg,Anomaly,Anomaly,True
Normal_IrqIy1.jpg,Normal,Normal,True
Anomaly_CyTM64.jpg,Anomaly,Anomaly,True
Anomaly_2JKvFC.jpg,Anomaly,Anomaly,True
Normal_bWFwwP.jpg,Normal,Normal,True
Anomaly_WEVTpe.jpg,Anomaly,Anomaly,True
Anomaly_TBlVII.jpg,Anomaly,Anomaly,True
Normal_RJOfzP.jpg,Normal,Normal,True
Normal_VGFl4D.jpg,Normal,Normal,True
Normal_DiFeuH.jpg,Normal,Normal,True
Anomaly_ZZ3YNJ.jpg,Anomaly,Anomaly,True
Normal_UYRcXq.jpg,Normal,Normal,True
Normal_Uj64xt.jpg,Normal,Normal,True
Anomaly_EY7cJD.jpg,Anomaly,Anomaly,True
Normal_KHyhFD.jpg,Normal,Normal,True
Anomaly_xlmcCV.jpg,Anomaly,Anomaly,True
Anomaly_sXF9Qn.jpg,Anomaly,Anomaly,True
Normal_Gh8LS8.jpg,Normal,Normal,True
Normal_dJKtcn.jpg,Normal,Normal,True
Normal_1xbHI8.jpg,Normal,Normal,True
Anomaly_jgJh35.jpg,Anomaly,Anomaly,True
Anomaly_kg0UaN.jpg,Anomaly,Anomaly,True
Normal_xLhH66.jpg,Normal,Normal,True
Anomaly_6LHgtC.jpg,Anomaly,Anomaly,True
Normal_GA9aZF.jpg,Normal,Normal,True
Normal_RDUr7b.jpg,Normal,Normal,True
Normal_ER66Xg.jpg,Normal,Normal,True
Normal_LwsOjP.jpg,Normal,Normal,True
Normal_d0Bj0t.jpg,Normal,Normal,True
Normal_khPkdP.jpg,Normal,Normal,True
Normal_n1S9WD.jpg,Normal,Normal,True
Normal_kJPaEz.jpg,Normal,Normal,True
Anomaly_xxOwma.jpg,Anomaly,Anomaly,True
Normal_TDkDI3.jpg,Normal,Normal,True
Anomaly_VWE0e7.jpg,Anomaly,Anomaly,True
Anomaly_Ci50uD.jpg,Anomaly,Anomaly,True
Anomaly_Q7t748.jpg,Anomaly,Anomaly,True
Anomaly_lRpQFD.jpg,Anomaly,Normal,False
Normal_Ecw6Ou.jpg,Normal,Normal,True
Normal_sGi5af.jpg,Normal,Normal,True
Anomaly_hRCpgB.jpg,Anomaly,Anomaly,True
Normal_uQMmI3.jpg,Normal,Normal,True
Anomaly_TMnC0z.jpg,Anomaly,Normal,False
Anomaly_GQiqvl.jpg,Anomaly,Anomaly,True
Anomaly_qgVkM8.jpg,Anomaly,Anomaly,True
Normal_qoswbC.jpg,Normal,Normal,True
Anomaly_lKPOlw.jpg,Anomaly,Anomaly,True
Anomaly_aGJwvs.jpg,Anomaly,Anomaly,True
Anomaly_qCLrS6.jpg,Anomaly,Anomaly,True
Anomaly_UQQDMb.jpg,Anomaly,Anomaly,True
Normal_FtN76B.jpg,Normal,Normal,True
Anomaly_OOHw77.jpg,Anomaly,Anomaly,True
Anomaly_Fh5hff.jpg,Anomaly,Normal,False
Normal_fQ1wiq.jpg,Normal,Normal,True
Normal_QRmSqw.jpg,Normal,Normal,True
Anomaly_ly6Diu.jpg,Anomaly,Normal,False
Anomaly_0KlMEe.jpg,Anomaly,Anomaly,True
Anomaly_1gDxmq.jpg,Anomaly,Anomaly,True
Anomaly_enniN3.jpg,Anomaly,Normal,False
Anomaly_wLfHCN.jpg,Anomaly,Anomaly,True
Anomaly_wzp2IH.jpg,Anomaly,Anomaly,True
Anomaly_IRMZN2.jpg,Anomaly,Normal,False
Normal_RywEeK.jpg,Normal,Normal,True
Anomaly_FzLjFK.jpg,Anomaly,Anomaly,True
Anomaly_DhAD6Z.jpg,Anomaly,Anomaly,True
Normal_gBw8CU.jpg,Normal,Normal,True
Normal_pHoeBB.jpg,Normal,Normal,True
Anomaly_H9RbZ4.jpg,Anomaly,Anomaly,True
Anomaly_VYCssZ.jpg,Anomaly,Anomaly,True
Normal_Xc4T8h.jpg,Normal,Normal,True
Normal_OlV1EX.jpg,Normal,Normal,True
Anomaly_3b1Zby.jpg,Anomaly,Normal,False
Normal_5CgR0t.jpg,Normal,Normal,True
Normal_22f7zX.jpg,Normal,Normal,True
Anomaly_zoNXfv.jpg,Anomaly,Normal,False
Anomaly_cqwnXj.jpg,Anomaly,Anomaly,True
Normal_DQUZt3.jpg,Normal,Normal,True
Anomaly_IXO9g7.jpg,Anomaly,Anomaly,True
Anomaly_FOHYIl.jpg,Anomaly,Anomaly,True
Normal_NZTAvM.jpg,Normal,Normal,True
Anomaly_OSy6Nv.jpg,Anomaly,Anomaly,True
Anomaly_EpW1Hz.jpg,Anomaly,Anomaly,True
Normal_58E0Bg.jpg,Normal,Normal,True
Anomaly_rMFGvF.jpg,Anomaly,Anomaly,True
Anomaly_GLZxcB.jpg,Anomaly,Normal,False
Anomaly_boHnwe.jpg,Anomaly,Anomaly,True
Anomaly_L1AcYE.jpg,Anomaly,Anomaly,True
Anomaly_GjG79w.jpg,Anomaly,Anomaly,True
Anomaly_z9dMj3.jpg,Anomaly,Normal,False
Anomaly_b4X0XD.jpg,Anomaly,Normal,False
Normal_Ru6R24.jpg,Normal,Normal,True
Normal_MhRerp.jpg,Normal,Normal,True
Anomaly_QCWUqu.jpg,Anomaly,Anomaly,True
Normal_xXDuta.jpg,Normal,Normal,True
Anomaly_1qMcmW.jpg,Anomaly,Anomaly,True
Normal_ChVvEm.jpg,Normal,Normal,True
Anomaly_CvhUjg.jpg,Anomaly,Anomaly,True
Normal_HyN4TR.jpg,Normal,Normal,True
Normal_dPS0oy.jpg,Normal,Normal,True
Anomaly_ToqdAV.jpg,Anomaly,Anomaly,True
Anomaly_3nqgls.jpg,Anomaly,Anomaly,True
Normal_NgoYx0.jpg,Normal,Normal,True
Anomaly_EdMkUI.jpg,Anomaly,Anomaly,True
Normal_yqRf35.jpg,Normal,Normal,True
Normal_jnRJUY.jpg,Normal,Normal,True
Normal_BrjCuW.jpg,Normal,Normal,True
Anomaly_xiLyOu.jpg,Anomaly,Anomaly,True
Normal_rabX4Y.jpg,Normal,Normal,True
Anomaly_xpiEFg.jpg,Anomaly,Anomaly,True
Normal_aoHwS7.jpg,Normal,Normal,True
Anomaly_26NUXx.jpg,Anomaly,Normal,False
Normal_srIsth.jpg,Normal,Normal,True
Normal_I5PEFb.jpg,Normal,Normal,True
Anomaly_ogusW0.jpg,Anomaly,Anomaly,True
Normal_DTxyxx.jpg,Normal,Normal,True
Anomaly_W8vLZh.jpg,Anomaly,Normal,False
Normal_pqERMv.jpg,Normal,Normal,True
Normal_iaGTAv.jpg,Normal,Normal,True
Anomaly_dId9VC.jpg,Anomaly,Anomaly,True
Anomaly_dhCnPQ.jpg,Anomaly,Normal,False
Anomaly_zQi42d.jpg,Anomaly,Anomaly,True
Normal_LFjYB8.jpg,Normal,Normal,True
Anomaly_BkT12v.jpg,Anomaly,Normal,False
Normal_Gz2v5g.jpg,Normal,Normal,True
Normal_fw0tqK.jpg,Normal,Normal,True
Anomaly_0RYVBQ.jpg,Anomaly,Anomaly,True
Normal_GAxCD4.jpg,Normal,Normal,True
Normal_5cAljj.jpg,Normal,Normal,True
Anomaly_BxDNOc.jpg,Anomaly,Anomaly,True
Anomaly_MPiUn1.jpg,Anomaly,Anomaly,True
Anomaly_YMA1QO.jpg,Anomaly,Anomaly,True
Normal_xG01eD.jpg,Normal,Normal,True
Normal_A0FTBe.jpg,Normal,Normal,True
Anomaly_S8s1Z6.jpg,Anomaly,Anomaly,True
Anomaly_mFW51H.jpg,Anomaly,Normal,False
Anomaly_5EQHSQ.jpg,Anomaly,Anomaly,True
Normal_SOZ4aA.jpg,Normal,Normal,True
Anomaly_w3Leic.jpg,Anomaly,Normal,False
Normal_wV0ZVS.jpg,Normal,Normal,True
Normal_ystanR.jpg,Normal,Normal,True
Anomaly_Q6xhkr.jpg,Anomaly,Anomaly,True
Anomaly_kmdxhX.jpg,Anomaly,Anomaly,True
Normal_cbBS2X.jpg,Normal,Normal,True
Normal_MG8UDV.jpg,Normal,Normal,True
Anomaly_V9VO6K.jpg,Anomaly,Anomaly,True
Anomaly_j31C0P.jpg,Anomaly,Anomaly,True
Normal_28eo2J.jpg,Normal,Normal,True
Normal_kgxHV2.jpg,Normal,Normal,True
Normal_5L3G79.jpg,Normal,Normal,True
Anomaly_NS6MhQ.jpg,Anomaly,Anomaly,True
Normal_t8FENs.jpg,Normal,Normal,True
Anomaly_Xi1u5H.jpg,Anomaly,Anomaly,True
Anomaly_WJkEdJ.jpg,Anomaly,Anomaly,True
Anomaly_AY7QyG.jpg,Anomaly,Anomaly,True
Anomaly_pRnOCM.jpg,Anomaly,Anomaly,True
Normal_7AbABs.jpg,Normal,Normal,True
Normal_f6KoCM.jpg,Normal,Normal,True
Normal_Y9fXfX.jpg,Normal,Normal,True
Normal_UTV6o2.jpg,Normal,Normal,True
Normal_HIulxh.jpg,Normal,Normal,True
Normal_WRyGej.jpg,Normal,Normal,True
Anomaly_vXrH0T.jpg,Anomaly,Anomaly,True
Anomaly_ehaTrN.jpg,Anomaly,Anomaly,True
Normal_UYm3qM.jpg,Normal,Normal,True
Anomaly_VWxnuE.jpg,Anomaly,Anomaly,True
Normal_1wja8x.jpg,Normal,Normal,True
Anomaly_IymBDt.jpg,Anomaly,Anomaly,True
Normal_pl4qgx.jpg,Normal,Normal,True
Normal_fFxLnm.jpg,Normal,Normal,True
Anomaly_vR9uto.jpg,Anomaly,Normal,False
Anomaly_mQlxqo.jpg,Anomaly,Anomaly,True
Anomaly_Yjk3oi.jpg,Anomaly,Anomaly,True
Normal_dOM1to.jpg,Normal,Normal,True
Normal_ruAIsh.jpg,Normal,Normal,True
Normal_rG3JE7.jpg,Normal,Normal,True
Normal_218Yx5.jpg,Normal,Normal,True
Normal_jrahPx.jpg,Normal,Normal,True
Anomaly_9eimTw.jpg,Anomaly,Anomaly,True
Anomaly_CGXd1G.jpg,Anomaly,Anomaly,True
Anomaly_YsmTrX.jpg,Anomaly,Normal,False
Normal_tu2kny.jpg,Normal,Normal,True
Anomaly_Rh7wsf.jpg,Anomaly,Anomaly,True
Anomaly_DRyolU.jpg,Anomaly,Anomaly,True
Normal_R8hB4X.jpg,Normal,Normal,True
Anomaly_x4RTjE.jpg,Anomaly,Anomaly,True
Normal_7WjPp2.jpg,Normal,Normal,True
Anomaly_0jLRoa.jpg,Anomaly,Anomaly,True
Anomaly_Z6Q484.jpg,Anomaly,Anomaly,True
Anomaly_7aSYdA.jpg,Anomaly,Anomaly,True
Normal_pihqee.jpg,Normal,Normal,True
Normal_sUxwhT.jpg,Normal,Normal,True
Anomaly_GEGUIZ.jpg,Anomaly,Normal,False
Anomaly_Utu1gs.jpg,Anomaly,Anomaly,True
Anomaly_QGFVOt.jpg,Anomaly,Anomaly,True
Normal_1KKPQK.jpg,Normal,Normal,True
Normal_tVP5Fu.jpg,Normal,Normal,True
Anomaly_f4TkUW.jpg,Anomaly,Anomaly,True
Normal_paI5xu.jpg,Normal,Normal,True
Anomaly_zDnf3Y.jpg,Anomaly,Anomaly,True
Anomaly_fvGIL3.jpg,Anomaly,Anomaly,True
Anomaly_ERCv8i.jpg,Anomaly,Anomaly,True
Anomaly_fnHI1t.jpg,Anomaly,Anomaly,True
Anomaly_OCVc19.jpg,Anomaly,Anomaly,True
Anomaly_F5aqqJ.jpg,Anomaly,Anomaly,True
Normal_cN2EBX.jpg,Normal,Normal,True
Normal_imzQt1.jpg,Normal,Normal,True
Anomaly_1crLRM.jpg,Anomaly,Anomaly,True
Normal_Qvma9x.jpg,Normal,Normal,True
Normal_USOomL.jpg,Normal,Normal,True
Normal_yR8rrD.jpg,Normal,Normal,True
Anomaly_tRAYuk.jpg,Anomaly,Anomaly,True
Normal_llp5NP.jpg,Normal,Normal,True
Anomaly_wVljsr.jpg,Anomaly,Anomaly,True
Anomaly_QwWyyh.jpg,Anomaly,Anomaly,True
Normal_EfI7gP.jpg,Normal,Normal,True
Anomaly_1rs2rO.jpg,Anomaly,Normal,False
Normal_nflTan.jpg,Normal,Normal,True
Normal_PMAtxm.jpg,Normal,Normal,True
Anomaly_lyWPJh.jpg,Anomaly,Normal,False
Normal_iDgLF2.jpg,Normal,Normal,True
Normal_Gv7q94.jpg,Normal,Normal,True
Anomaly_QgvPrG.jpg,Anomaly,Anomaly,True
Anomaly_buq4tN.jpg,Anomaly,Anomaly,True
Anomaly_WJwWEl.jpg,Anomaly,Anomaly,True
Anomaly_gu1AHl.jpg,Anomaly,Anomaly,True
Normal_3VZAfF.jpg,Normal,Normal,True
Anomaly_Gup5aF.jpg,Anomaly,Anomaly,True
Normal_3JoZio.jpg,Normal,Normal,True
Anomaly_Z99ltw.jpg,Anomaly,Anomaly,True
Anomaly_7hQ3UT.jpg,Anomaly,Anomaly,True
Normal_kLwOY5.jpg,Normal,Normal,True
Anomaly_3w4o9Z.jpg,Anomaly,Anomaly,True
Anomaly_TGIGjc.jpg,Anomaly,Anomaly,True
Anomaly_aHMWBA.jpg,Anomaly,Anomaly,True
Anomaly_AcwcnA.jpg,Anomaly,Normal,False
Anomaly_OzvZD7.jpg,Anomaly,Anomaly,True
Normal_inEnjD.jpg,Normal,Normal,True
Normal_T0K4CW.jpg,Normal,Normal,True
Normal_FuW8WQ.jpg,Normal,Normal,True
Anomaly_GsVmJh.jpg,Anomaly,Anomaly,True
Anomaly_5Ej3xE.jpg,Anomaly,Anomaly,True
Normal_IA11tg.jpg,Normal,Normal,True
Normal_3kbpn2.jpg,Normal,Normal,True
Normal_0kmWUx.jpg,Normal,Normal,True
Anomaly_8iRE8H.jpg,Anomaly,Anomaly,True
Anomaly_zuv8Pj.jpg,Anomaly,Anomaly,True
Normal_HJhK2A.jpg,Normal,Normal,True
Anomaly_9aQ4T6.jpg,Anomaly,Anomaly,True
Anomaly_YyK4mf.jpg,Anomaly,Normal,False
Normal_EkATRa.jpg,Normal,Normal,True
Normal_VbuBzM.jpg,Normal,Normal,True
Anomaly_1UcgYj.jpg,Anomaly,Anomaly,True
Anomaly_3zZ95U.jpg,Anomaly,Normal,False
Anomaly_v64PO0.jpg,Anomaly,Anomaly,True
Normal_lgDOsH.jpg,Normal,Normal,True
Anomaly_7VUbwn.jpg,Anomaly,Anomaly,True
Normal_eAz9Sp.jpg,Normal,Normal,True
Anomaly_L97Whm.jpg,Anomaly,Anomaly,True
Normal_XpdSBC.jpg,Normal,Normal,True
Anomaly_0sjK3E.jpg,Anomaly,Anomaly,True
Anomaly_PJcuuy.jpg,Anomaly,Anomaly,True
Anomaly_ZNsITg.jpg,Anomaly,Anomaly,True
Anomaly_CqcZKR.jpg,Anomaly,Anomaly,True
Normal_SdstEU.jpg,Normal,Normal,True
Anomaly_tqGuRj.jpg,Anomaly,Anomaly,True
Normal_XRQKpe.jpg,Normal,Normal,True
Normal_jGlXxR.jpg,Normal,Normal,True
Anomaly_DZNhY2.jpg,Anomaly,Anomaly,True
Normal_qPE5PK.jpg,Normal,Normal,True
Normal_YqbX9v.jpg,Normal,Anomaly,False
Normal_rslOhP.jpg,Normal,Normal,True
Normal_R2rKbC.jpg,Normal,Normal,True
Anomaly_YtBuYQ.jpg,Anomaly,Normal,False
Normal_7pnDqg.jpg,Normal,Normal,True
Anomaly_18AHX8.jpg,Anomaly,Anomaly,True
Anomaly_nCDeoL.jpg,Anomaly,Anomaly,True
Normal_4KJGJZ.jpg,Normal,Normal,True
Anomaly_lkcHQr.jpg,Anomaly,Anomaly,True
Normal_TA5NL2.jpg,Normal,Normal,True
Normal_iopw3G.jpg,Normal,Normal,True
Normal_EhEDHJ.jpg,Normal,Normal,True
Anomaly_lUHKHS.jpg,Anomaly,Anomaly,True
Anomaly_MkFuCS.jpg,Anomaly,Anomaly,True
Anomaly_JeE1PG.jpg,Anomaly,Anomaly,True
Anomaly_dJXGXl.jpg,Anomaly,Anomaly,True
Anomaly_R8r6iv.jpg,Anomaly,Anomaly,True
Anomaly_5KmJyx.jpg,Anomaly,Anomaly,True
Anomaly_vSgUPp.jpg,Anomaly,Anomaly,True
Anomaly_vbXoK3.jpg,Anomaly,Normal,False
Normal_HRtPUC.jpg,Normal,Anomaly,False
Normal_7R6Y6a.jpg,Normal,Normal,True
Normal_YZ6GrE.jpg,Normal,Normal,True
Normal_ViW7qV.jpg,Normal,Normal,True
Anomaly_qLLKck.jpg,Anomaly,Anomaly,True
Normal_QQFa0Y.jpg,Normal,Normal,True
Normal_3J5nHY.jpg,Normal,Normal,True
Anomaly_MTk3V9.jpg,Anomaly,Anomaly,True
Anomaly_doiKW5.jpg,Anomaly,Anomaly,True
Normal_Mfv68X.jpg,Normal,Normal,True
Anomaly_5otnks.jpg,Anomaly,Normal,False
Normal_OmazUU.jpg,Normal,Normal,True
Anomaly_Go0FOS.jpg,Anomaly,Anomaly,True
Normal_eEkkS2.jpg,Normal,Normal,True
Anomaly_KknkTj.jpg,Anomaly,Anomaly,True
Anomaly_FGYQVK.jpg,Anomaly,Anomaly,True
Anomaly_rlym62.jpg,Anomaly,Anomaly,True
Anomaly_FOCx3H.jpg,Anomaly,Anomaly,True
Normal_4tHdSe.jpg,Normal,Normal,True
Anomaly_hjIPae.jpg,Anomaly,Anomaly,True
Normal_56petp.jpg,Normal,Normal,True
Anomaly_QxWlHZ.jpg,Anomaly,Anomaly,True
Normal_Xvvhew.jpg,Normal,Normal,True
Normal_sNFSj7.jpg,Normal,Normal,True
Anomaly_nXihhE.jpg,Anomaly,Anomaly,True
Normal_MaND13.jpg,Normal,Normal,True
Normal_3PsV9g.jpg,Normal,Normal,True
Normal_SrB77E.jpg,Normal,Normal,True
Normal_AyESyN.jpg,Normal,Normal,True
Normal_1YzQu7.jpg,Normal,Normal,True
Anomaly_tKi5xw.jpg,Anomaly,Anomaly,True
Normal_jBcKiQ.jpg,Normal,Anomaly,False
Anomaly_aimTG3.jpg,Anomaly,Anomaly,True
Normal_ToXOGJ.jpg,Normal,Normal,True
Anomaly_sKDt0h.jpg,Anomaly,Anomaly,True
Normal_lP4tul.jpg,Normal,Normal,True
Normal_Xsm3vq.jpg,Normal,Normal,True
Normal_SUFX9N.jpg,Normal,Normal,True
Anomaly_O8mqfs.jpg,Anomaly,Anomaly,True
Anomaly_JmNZtL.jpg,Anomaly,Normal,False
Normal_mh6RgN.jpg,Normal,Normal,True
Anomaly_iWVKev.jpg,Anomaly,Normal,False
Anomaly_Eo28eI.jpg,Anomaly,Anomaly,True
Normal_xzNu4T.jpg,Normal,Normal,True
Normal_glcylO.jpg,Normal,Normal,True
Normal_MCjWCb.jpg,Normal,Normal,True
Anomaly_beAUyu.jpg,Anomaly,Normal,False
Anomaly_2sb6Kv.jpg,Anomaly,Anomaly,True
Normal_KfaqUz.jpg,Normal,Normal,True
Normal_HYBUi2.jpg,Normal,Normal,True
Anomaly_FIJf95.jpg,Anomaly,Anomaly,True
Anomaly_TgZOfh.jpg,Anomaly,Anomaly,True
Anomaly_cfwS3s.jpg,Anomaly,Normal,False
Normal_XsYZHu.jpg,Normal,Normal,True
Normal_N8Lrcm.jpg,Normal,Normal,True
Anomaly_8yXg76.jpg,Anomaly,Anomaly,True
Anomaly_IJNhFw.jpg,Anomaly,Anomaly,True
Normal_oEGe7r.jpg,Normal,Normal,True
Anomaly_LPd8ju.jpg,Anomaly,Anomaly,True
Normal_Eipw5h.jpg,Normal,Normal,True
Normal_ihd2p8.jpg,Normal,Normal,True
Normal_EMvBdm.jpg,Normal,Normal,True
Normal_28hQuE.jpg,Normal,Normal,True
Normal_kUxtOs.jpg,Normal,Normal,True
Normal_bDcLuB.jpg,Normal,Normal,True
Anomaly_V48cOc.jpg,Anomaly,Normal,False
Normal_ClbUE1.jpg,Normal,Normal,True
Anomaly_V95idA.jpg,Anomaly,Anomaly,True
Normal_23Fh4J.jpg,Normal,Normal,True
Normal_08lV2b.jpg,Normal,Anomaly,False
Anomaly_7oSwkR.jpg,Anomaly,Anomaly,True
Anomaly_rhS4np.jpg,Anomaly,Anomaly,True
Normal_hJdUS9.jpg,Normal,Normal,True
Anomaly_QNdWpi.jpg,Anomaly,Anomaly,True
Normal_JHPYmp.jpg,Normal,Normal,True
Anomaly_T0e5K8.jpg,Anomaly,Anomaly,True
Normal_pdQmPU.jpg,Normal,Normal,True
Anomaly_ELb43f.jpg,Anomaly,Normal,False
Anomaly_HIp4By.jpg,Anomaly,Anomaly,True
Anomaly_eU2nWn.jpg,Anomaly,Normal,False
Anomaly_rFyljB.jpg,Anomaly,Anomaly,True
Normal_PKGrav.jpg,Normal,Normal,True
Anomaly_zPjj2H.jpg,Anomaly,Anomaly,True
Anomaly_zEt52E.jpg,Anomaly,Normal,False
Anomaly_nq03eB.jpg,Anomaly,Anomaly,True
Normal_3bdzYq.jpg,Normal,Normal,True
Normal_hvI9Vl.jpg,Normal,Normal,True
Anomaly_Ch3nzc.jpg,Anomaly,Anomaly,True
Anomaly_P6vTMg.jpg,Anomaly,Anomaly,True
Normal_tX2k6z.jpg,Normal,Normal,True
Anomaly_UVxVjg.jpg,Anomaly,Anomaly,True
Normal_RAXnu5.jpg,Normal,Normal,True
Normal_S9Lk7J.jpg,Normal,Normal,True
Normal_ur0u8W.jpg,Normal,Normal,True
Normal_J42a8h.jpg,Normal,Normal,True
Normal_7rajaZ.jpg,Normal,Normal,True
Normal_eEHNRR.jpg,Normal,Normal,True
Anomaly_fCt1TU.jpg,Anomaly,Anomaly,True
Anomaly_fKJfQ4.jpg,Anomaly,Anomaly,True
Anomaly_XicD0M.jpg,Anomaly,Anomaly,True
Normal_Pokkez.jpg,Normal,Normal,True
Normal_ChWZqV.jpg,Normal,Normal,True
Anomaly_RQrcQn.jpg,Anomaly,Anomaly,True
Normal_4TIk4a.jpg,Normal,Normal,True
Anomaly_Y7FXZx.jpg,Anomaly,Anomaly,True
Anomaly_jWalv3.jpg,Anomaly,Anomaly,True
Anomaly_DDK7Vm.jpg,Anomaly,Anomaly,True
Normal_2dC7zA.jpg,Normal,Normal,True
Normal_iVnWR7.jpg,Normal,Normal,True
Normal_AsTT8d.jpg,Normal,Normal,True
Anomaly_duOQLb.jpg,Anomaly,Anomaly,True
Anomaly_5jvIZB.jpg,Anomaly,Normal,False
Normal_8B3RNX.jpg,Normal,Normal,True
Normal_uld8Gx.jpg,Normal,Anomaly,False
Normal_4kSBzX.jpg,Normal,Normal,True
Normal_hzcCkB.jpg,Normal,Normal,True
Anomaly_WGGmjB.jpg,Anomaly,Anomaly,True
Normal_4KJ69S.jpg,Normal,Normal,True
Anomaly_vg1NkV.jpg,Anomaly,Anomaly,True
Normal_WfEHku.jpg,Normal,Normal,True
Normal_q5KUie.jpg,Normal,Normal,True
Normal_je1se7.jpg,Normal,Normal,True
Normal_LmyA6I.jpg,Normal,Normal,True
Anomaly_qeodge.jpg,Anomaly,Normal,False
Anomaly_7SkcHa.jpg,Anomaly,Anomaly,True
Normal_0N0RKM.jpg,Normal,Normal,True
Anomaly_84xCjT.jpg,Anomaly,Anomaly,True
Anomaly_6VasQI.jpg,Anomaly,Anomaly,True
Anomaly_BbQgVo.jpg,Anomaly,Anomaly,True
Anomaly_82IKbO.jpg,Anomaly,Normal,False
Normal_Ab3kCd.jpg,Normal,Normal,True
Normal_bfm7xG.jpg,Normal,Normal,True
Normal_TMHiyu.jpg,Normal,Normal,True
Anomaly_9zQOGw.jpg,Anomaly,Normal,False
Anomaly_kciw2L.jpg,Anomaly,Anomaly,True
Normal_mT1F5M.jpg,Normal,Normal,True
Anomaly_44EVLB.jpg,Anomaly,Anomaly,True
Anomaly_5WYMFq.jpg,Anomaly,Anomaly,True
Normal_ypFzp4.jpg,Normal,Normal,True
Anomaly_kwcGdl.jpg,Anomaly,Normal,False
Normal_HEwked.jpg,Normal,Normal,True
Normal_PubWfx.jpg,Normal,Normal,True
Anomaly_sB8phI.jpg,Anomaly,Anomaly,True
Anomaly_Lrt4Gq.jpg,Anomaly,Anomaly,True
Anomaly_bKRJVs.jpg,Anomaly,Anomaly,True
Normal_XRqpO1.jpg,Normal,Normal,True
Normal_EZMLC1.jpg,Normal,Normal,True
Normal_0BMXAc.jpg,Normal,Normal,True
Normal_kzIqig.jpg,Normal,Normal,True
Anomaly_mScGiJ.jpg,Anomaly,Anomaly,True
Anomaly_b32YVe.jpg,Anomaly,Normal,False
Normal_AdPnIW.jpg,Normal,Normal,True
Anomaly_ghP9S5.jpg,Anomaly,Anomaly,True
Normal_dlF36T.jpg,Normal,Normal,True
Anomaly_nKPY8d.jpg,Anomaly,Anomaly,True
Anomaly_zhUaqT.jpg,Anomaly,Anomaly,True
Anomaly_VkxYlY.jpg,Anomaly,Anomaly,True
Anomaly_wRt50a.jpg,Anomaly,Anomaly,True
Anomaly_yGjCfr.jpg,Anomaly,Anomaly,True
Anomaly_KV4ZaW.jpg,Anomaly,Anomaly,True
Anomaly_6KowwW.jpg,Anomaly,Anomaly,True
Anomaly_7vIwbo.jpg,Anomaly,Anomaly,True
Normal_J8DwgF.jpg,Normal,Normal,True
Anomaly_ZWYCvo.jpg,Anomaly,Anomaly,True
Anomaly_0JjOZ4.jpg,Anomaly,Anomaly,True
Normal_BgYe8S.jpg,Normal,Normal,True
Anomaly_DaN0kP.jpg,Anomaly,Anomaly,True
Anomaly_vSXrrY.jpg,Anomaly,Anomaly,True
Anomaly_z2Tw4H.jpg,Anomaly,Anomaly,True
Anomaly_FDjs0m.jpg,Anomaly,Anomaly,True
Normal_4r40dy.jpg,Normal,Normal,True
Anomaly_6k4od6.jpg,Anomaly,Anomaly,True
Normal_kVjcGF.jpg,Normal,Normal,True
Anomaly_CFbb39.jpg,Anomaly,Normal,False
Anomaly_gbSgoH.jpg,Anomaly,Anomaly,True
Anomaly_k4uyDw.jpg,Anomaly,Anomaly,True
Anomaly_W1EdnC.jpg,Anomaly,Anomaly,True
Anomaly_5ZGdxx.jpg,Anomaly,Normal,False
Normal_MaihZT.jpg,Normal,Normal,True
Normal_NVxC5q.jpg,Normal,Normal,True
Normal_tZCCad.jpg,Normal,Normal,True
Anomaly_R9nYOQ.jpg,Anomaly,Anomaly,True
Normal_7mVj2Q.jpg,Normal,Normal,True
Normal_gMfjfG.jpg,Normal,Normal,True
Anomaly_fURmFU.jpg,Anomaly,Anomaly,True
Normal_UnSGfX.jpg,Normal,Anomaly,False
Anomaly_EemI3M.jpg,Anomaly,Anomaly,True
Normal_QWntZe.jpg,Normal,Normal,True
Normal_XcTiFd.jpg,Normal,Normal,True
Normal_NNyGTK.jpg,Normal,Normal,True
Normal_aBhbF2.jpg,Normal,Normal,True
Normal_k8E5LI.jpg,Normal,Normal,True
Anomaly_2dxzgJ.jpg,Anomaly,Anomaly,True
Anomaly_F8pRF8.jpg,Anomaly,Anomaly,True
Anomaly_LfQmR3.jpg,Anomaly,Anomaly,True
Anomaly_emJ5Cr.jpg,Anomaly,Normal,False
Anomaly_FKnusa.jpg,Anomaly,Normal,False
Anomaly_w06T4C.jpg,Anomaly,Normal,False
Normal_a5wL9k.jpg,Normal,Normal,True
Anomaly_Mwrh83.jpg,Anomaly,Anomaly,True
Anomaly_RbK7jd.jpg,Anomaly,Anomaly,True
Anomaly_P29aGL.jpg,Anomaly,Anomaly,True
Normal_r8xiWW.jpg,Normal,Normal,True
Anomaly_4wL1j5.jpg,Anomaly,Anomaly,True
Anomaly_SUDKIn.jpg,Anomaly,Anomaly,True
Anomaly_sZEMy2.jpg,Anomaly,Anomaly,True
Normal_wcXd1f.jpg,Normal,Normal,True
Normal_05dcsK.jpg,Normal,Normal,True
Normal_UEGAfB.jpg,Normal,Normal,True
Normal_OomBJu.jpg,Normal,Normal,True
Anomaly_Hz5l57.jpg,Anomaly,Anomaly,True
Normal_lzSci8.jpg,Normal,Normal,True
Anomaly_DBgiN6.jpg,Anomaly,Anomaly,True
Anomaly_hN8JX5.jpg,Anomaly,Anomaly,True
Anomaly_GEMcx6.jpg,Anomaly,Normal,False
Anomaly_TbVljh.jpg,Anomaly,Anomaly,True
Anomaly_UCo3d1.jpg,Anomaly,Anomaly,True
Anomaly_qeUyie.jpg,Anomaly,Anomaly,True
Anomaly_rDgSM7.jpg,Anomaly,Anomaly,True
Normal_tWt06N.jpg,Normal,Normal,True
Normal_FGSqSH.jpg,Normal,Normal,True
Anomaly_eFdtBV.jpg,Anomaly,Anomaly,True
Anomaly_Mm9hnK.jpg,Anomaly,Anomaly,True
Anomaly_QvMLqP.jpg,Anomaly,Anomaly,True
Normal_NFsadA.jpg,Normal,Normal,True
Normal_gojVM7.jpg,Normal,Normal,True
Normal_5yR4z8.jpg,Normal,Normal,True
Anomaly_JrWKTa.jpg,Anomaly,Anomaly,True
Normal_asFY5E.jpg,Normal,Normal,True
Anomaly_NzuK0O.jpg,Anomaly,Anomaly,True
Normal_BIooqV.jpg,Normal,Normal,True
Normal_OTCRsd.jpg,Normal,Normal,True
Normal_ViLCp7.jpg,Normal,Normal,True
Anomaly_3Jtla0.jpg,Anomaly,Normal,False
Normal_q8jTXC.jpg,Normal,Normal,True
Anomaly_MEpVML.jpg,Anomaly,Anomaly,True
Normal_o7ezWM.jpg,Normal,Normal,True
Normal_GUE1ah.jpg,Normal,Normal,True
Anomaly_D0OchC.jpg,Anomaly,Anomaly,True
Anomaly_LGfI4A.jpg,Anomaly,Anomaly,True
Normal_woBQ8Y.jpg,Normal,Normal,True
Anomaly_lGTVIJ.jpg,Anomaly,Anomaly,True
Normal_eMXUId.jpg,Normal,Normal,True
Anomaly_3U1LLi.jpg,Anomaly,Anomaly,True
Normal_Ya2Ibb.jpg,Normal,Normal,True
Normal_6pLfHb.jpg,Normal,Normal,True
Normal_b4WEUQ.jpg,Normal,Normal,True
Normal_RYI9G6.jpg,Normal,Normal,True
Anomaly_CmriAZ.jpg,Anomaly,Anomaly,True
Normal_eTozIN.jpg,Normal,Anomaly,False
Normal_2lV4eL.jpg,Normal,Normal,True
Normal_zH6kIG.jpg,Normal,Normal,True
Anomaly_TtFSYv.jpg,Anomaly,Normal,False
Anomaly_H3kQPS.jpg,Anomaly,Anomaly,True
Normal_MFswRV.jpg,Normal,Normal,True
Normal_eHQMpA.jpg,Normal,Normal,True
Anomaly_APL0Wn.jpg,Anomaly,Anomaly,True
Normal_pYqdpG.jpg,Normal,Normal,True
Anomaly_pLAop0.jpg,Anomaly,Anomaly,True
Anomaly_g9BF5n.jpg,Anomaly,Anomaly,True
Anomaly_Zy3Au8.jpg,Anomaly,Anomaly,True
Normal_qhgE2p.jpg,Normal,Normal,True
Normal_GdAGqr.jpg,Normal,Normal,True
Anomaly_OXVKH1.jpg,Anomaly,Anomaly,True
Anomaly_b5RUWt.jpg,Anomaly,Anomaly,True
Anomaly_nd7IzQ.jpg,Anomaly,Anomaly,True
Normal_QJvHng.jpg,Normal,Normal,True
Anomaly_rUH5tw.jpg,Anomaly,Anomaly,True
Normal_g5KvkH.jpg,Normal,Normal,True
Anomaly_wjLrsO.jpg,Anomaly,Anomaly,True
Normal_tAWW2C.jpg,Normal,Normal,True
Anomaly_Lm5SBs.jpg,Anomaly,Anomaly,True
Normal_c6bKki.jpg,Normal,Normal,True
Normal_pT3PVW.jpg,Normal,Normal,True
Normal_3UOhUC.jpg,Normal,Normal,True
Normal_BEJpMG.jpg,Normal,Normal,True
Normal_KQM9fX.jpg,Normal,Normal,True
Normal_y7saYR.jpg,Normal,Normal,True
Anomaly_MYNTJt.jpg,Anomaly,Anomaly,True
Normal_78XRWY.jpg,Normal,Normal,True
Anomaly_AHtGtZ.jpg,Anomaly,Anomaly,True
Normal_cGbF0I.jpg,Normal,Normal,True
Anomaly_lx4NAL.jpg,Anomaly,Anomaly,True
Anomaly_MFPZzE.jpg,Anomaly,Anomaly,True
Anomaly_YUPCME.jpg,Anomaly,Anomaly,True
Normal_sAh6Or.jpg,Normal,Normal,True
Normal_bsxeFu.jpg,Normal,Normal,True
Normal_AWSnBO.jpg,Normal,Normal,True
Normal_JczGxt.jpg,Normal,Normal,True
Anomaly_UOfH3A.jpg,Anomaly,Anomaly,True
Normal_g5L9nT.jpg,Normal,Normal,True
Normal_a22Afq.jpg,Normal,Normal,True
Normal_vaaWWk.jpg,Normal,Normal,True
Anomaly_dkWfzd.jpg,Anomaly,Anomaly,True
Normal_mhqQPG.jpg,Normal,Normal,True
Anomaly_VvRQzy.jpg,Anomaly,Anomaly,True
Normal_734Xyq.jpg,Normal,Normal,True
Anomaly_Vd0CVy.jpg,Anomaly,Anomaly,True
Anomaly_lauzs1.jpg,Anomaly,Anomaly,True
Normal_exdUWb.jpg,Normal,Normal,True
Normal_bFAnnL.jpg,Normal,Normal,True
Anomaly_3nUW2r.jpg,Anomaly,Anomaly,True
Normal_Kn4aqf.jpg,Normal,Normal,True
Normal_Q8ZGAf.jpg,Normal,Normal,True
Normal_WfgKlQ.jpg,Normal,Normal,True
Normal_wK3sF9.jpg,Normal,Normal,True
Normal_q09aFb.jpg,Normal,Normal,True
Anomaly_A5kvaQ.jpg,Anomaly,Anomaly,True
Anomaly_YYUbzG.jpg,Anomaly,Anomaly,True
Normal_EY8PNQ.jpg,Normal,Normal,True
Normal_fftUWi.jpg,Normal,Normal,True
Normal_HRPD2A.jpg,Normal,Normal,True
Normal_3jfURw.jpg,Normal,Normal,True
Normal_2yUaH0.jpg,Normal,Anomaly,False
Normal_epFGmx.jpg,Normal,Normal,True
Normal_uhi8rT.jpg,Normal,Normal,True
Anomaly_dhMQyl.jpg,Anomaly,Anomaly,True
Normal_FoYx6K.jpg,Normal,Normal,True
Anomaly_AnoSSI.jpg,Anomaly,Normal,False
Normal_CYHC5M.jpg,Normal,Normal,True
Anomaly_3xTiYD.jpg,Anomaly,Normal,False
Normal_AZIMhF.jpg,Normal,Normal,True
Normal_qGk0cs.jpg,Normal,Normal,True
Anomaly_Bpudxe.jpg,Anomaly,Anomaly,True
Anomaly_a2rAi3.jpg,Anomaly,Anomaly,True
Anomaly_x1W4Vr.jpg,Anomaly,Anomaly,True
Anomaly_XK21FO.jpg,Anomaly,Normal,False
Normal_AIZPxW.jpg,Normal,Normal,True
Anomaly_BjrEfB.jpg,Anomaly,Anomaly,True
Anomaly_gJvVf1.jpg,Anomaly,Anomaly,True
Anomaly_ImZoxR.jpg,Anomaly,Anomaly,True
Anomaly_yWKZwf.jpg,Anomaly,Anomaly,True
Anomaly_85i75I.jpg,Anomaly,Anomaly,True
Anomaly_9K7GZn.jpg,Anomaly,Anomaly,True
Normal_obcIfn.jpg,Normal,Normal,True
Normal_gsAls1.jpg,Normal,Normal,True
Normal_2nxD6s.jpg,Normal,Normal,True
Anomaly_UgLJTr.jpg,Anomaly,Anomaly,True
Anomaly_2XSpkK.jpg,Anomaly,Anomaly,True
Anomaly_G3WAxo.jpg,Anomaly,Anomaly,True
Anomaly_oBFOSJ.jpg,Anomaly,Anomaly,True
Anomaly_DKhOTH.jpg,Anomaly,Anomaly,True
Anomaly_CZqb6G.jpg,Anomaly,Anomaly,True
Normal_fPK35G.jpg,Normal,Normal,True
Anomaly_NVBYsg.jpg,Anomaly,Anomaly,True
Anomaly_uyI0pU.jpg,Anomaly,Anomaly,True
Normal_Ugf0bn.jpg,Normal,Normal,True
Anomaly_HLxfe2.jpg,Anomaly,Anomaly,True
Anomaly_PoA57l.jpg,Anomaly,Anomaly,True
Normal_DkVmSc.jpg,Normal,Normal,True
Anomaly_yW6lJ9.jpg,Anomaly,Anomaly,True
Normal_scE4IU.jpg,Normal,Normal,True
Normal_bNJVZE.jpg,Normal,Normal,True
Normal_oGQ9Fi.jpg,Normal,Normal,True
Normal_HqOlii.jpg,Normal,Normal,True
Normal_Lq8DIX.jpg,Normal,Normal,True
Anomaly_sSFruz.jpg,Anomaly,Anomaly,True
Normal_wioQsr.jpg,Normal,Normal,True
Normal_ciOdWq.jpg,Normal,Normal,True
Normal_wfHQTd.jpg,Normal,Normal,True
Normal_7RTk1M.jpg,Normal,Normal,True
Normal_AjK3gk.jpg,Normal,Normal,True
Normal_K1Lwn2.jpg,Normal,Normal,True
Anomaly_BWsFHs.jpg,Anomaly,Normal,False
Normal_tY9OU4.jpg,Normal,Normal,True
Anomaly_tKtsgT.jpg,Anomaly,Anomaly,True
Normal_nj9Wxr.jpg,Normal,Normal,True
Normal_EGkdh8.jpg,Normal,Normal,True
Normal_TuTyiZ.jpg,Normal,Normal,True
Anomaly_Q5PbtC.jpg,Anomaly,Anomaly,True
Normal_RoE0Aa.jpg,Normal,Normal,True
Normal_yQVIce.jpg,Normal,Normal,True
Anomaly_111c56.jpg,Anomaly,Normal,False
Normal_h3DmZF.jpg,Normal,Normal,True
Normal_Dwz1xj.jpg,Normal,Normal,True
Anomaly_zrtKTt.jpg,Anomaly,Anomaly,True
Anomaly_eiPdb9.jpg,Anomaly,Normal,False
Normal_Drrvrh.jpg,Normal,Normal,True
Normal_gzIJJu.jpg,Normal,Normal,True
Anomaly_14ipzD.jpg,Anomaly,Anomaly,True
Anomaly_26fiSq.jpg,Anomaly,Anomaly,True
Anomaly_sdAEQt.jpg,Anomaly,Anomaly,True
Anomaly_lCiCeV.jpg,Anomaly,Normal,False
Anomaly_vwzLeJ.jpg,Anomaly,Anomaly,True
Normal_YKsFZw.jpg,Normal,Normal,True
Normal_Hske6D.jpg,Normal,Normal,True
Normal_pQt7Eu.jpg,Normal,Normal,True
Normal_ap40ZZ.jpg,Normal,Normal,True
Normal_YcIJ3w.jpg,Normal,Normal,True
Normal_4CUq1s.jpg,Normal,Normal,True
Anomaly_y9G3TY.jpg,Anomaly,Anomaly,True
Anomaly_AdNsQF.jpg,Anomaly,Anomaly,True
Normal_KpfaeL.jpg,Normal,Normal,True
Normal_7MVitg.jpg,Normal,Normal,True
Anomaly_T2IjyJ.jpg,Anomaly,Normal,False
Normal_yfFJpX.jpg,Normal,Normal,True
Anomaly_SVcVqu.jpg,Anomaly,Anomaly,True
Anomaly_gU1iCx.jpg,Anomaly,Anomaly,True
Normal_9lcIIq.jpg,Normal,Normal,True
Anomaly_oMr2ZP.jpg,Anomaly,Anomaly,True
Normal_T5dncF.jpg,Normal,Normal,True
Anomaly_fWDQHL.jpg,Anomaly,Normal,False
Normal_d7M64w.jpg,Normal,Normal,True
Normal_zKlNbT.jpg,Normal,Normal,True
Anomaly_pxtduv.jpg,Anomaly,Anomaly,True
Anomaly_ASDFdC.jpg,Anomaly,Anomaly,True
Anomaly_MCzN4Y.jpg,Anomaly,Anomaly,True
Normal_4shVHj.jpg,Normal,Normal,True
Anomaly_Dbj4s5.jpg,Anomaly,Anomaly,True
Normal_RQ0qIk.jpg,Normal,Normal,True
Anomaly_Dn9vdY.jpg,Anomaly,Anomaly,True
Normal_MAC9Zp.jpg,Normal,Normal,True
Normal_cUe18x.jpg,Normal,Normal,True
Normal_Jvxyjz.jpg,Normal,Normal,True
Anomaly_iKFStN.jpg,Anomaly,Anomaly,True
Anomaly_ucZW5L.jpg,Anomaly,Anomaly,True
Anomaly_AvrWV2.jpg,Anomaly,Anomaly,True
Anomaly_HspF86.jpg,Anomaly,Anomaly,True
Anomaly_jj1lCM.jpg,Anomaly,Anomaly,True
Anomaly_ar6Hqp.jpg,Anomaly,Anomaly,True
Normal_ODaY86.jpg,Normal,Normal,True
Normal_WrVcUe.jpg,Normal,Normal,True
Normal_jhDmys.jpg,Normal,Normal,True
Anomaly_MGXLCB.jpg,Anomaly,Anomaly,True
Anomaly_l9RxBL.jpg,Anomaly,Anomaly,True
Normal_1E9ED9.jpg,Normal,Normal,True
Normal_KWRALP.jpg,Normal,Normal,True
Normal_VEHBrn.jpg,Normal,Normal,True
Anomaly_7Clzf9.jpg,Anomaly,Normal,False
Anomaly_WWut5m.jpg,Anomaly,Anomaly,True
Anomaly_Mkwlb7.jpg,Anomaly,Anomaly,True
Normal_qSOgTq.jpg,Normal,Normal,True
Normal_k4mnbQ.jpg,Normal,Normal,True
Anomaly_NfJon7.jpg,Anomaly,Anomaly,True
Normal_OYa6UY.jpg,Normal,Normal,True
Anomaly_ClI8e5.jpg,Anomaly,Normal,False
Anomaly_vOVKQL.jpg,Anomaly,Anomaly,True
Anomaly_qWSJjy.jpg,Anomaly,Anomaly,True
Normal_OqWThA.jpg,Normal,Normal,True
Normal_XeXSBY.jpg,Normal,Normal,True
Normal_Cyq2tb.jpg,Normal,Normal,True
Anomaly_27KgQF.jpg,Anomaly,Anomaly,True
Normal_Ox7L6X.jpg,Normal,Normal,True
Normal_JSiip7.jpg,Normal,Normal,True
Anomaly_lFM28T.jpg,Anomaly,Anomaly,True
Normal_qyLCOu.jpg,Normal,Anomaly,False
Anomaly_aWXEBG.jpg,Anomaly,Anomaly,True
Normal_1wprUa.jpg,Normal,Normal,True
Anomaly_a7kjfq.jpg,Anomaly,Anomaly,True
Anomaly_IwSfP8.jpg,Anomaly,Normal,False
Anomaly_iu1RQu.jpg,Anomaly,Anomaly,True
Normal_g4oiDt.jpg,Normal,Normal,True
Normal_5sV9rM.jpg,Normal,Normal,True
Normal_7tSLTt.jpg,Normal,Normal,True
Normal_QXJIAk.jpg,Normal,Normal,True
Anomaly_18A4ev.jpg,Anomaly,Anomaly,True
Anomaly_PdtZaq.jpg,Anomaly,Anomaly,True
Normal_mKpobA.jpg,Normal,Normal,True
Anomaly_eyLiiM.jpg,Anomaly,Anomaly,True
Normal_K2BWnn.jpg,Normal,Normal,True
Anomaly_Q6g9dP.jpg,Anomaly,Anomaly,True
Anomaly_GK4Jg4.jpg,Anomaly,Anomaly,True
Anomaly_NfxPx0.jpg,Anomaly,Anomaly,True
Normal_bbzLKG.jpg,Normal,Normal,True
Normal_h19m5f.jpg,Normal,Normal,True
Anomaly_euBnlw.jpg,Anomaly,Normal,False
Anomaly_VJJrMo.jpg,Anomaly,Anomaly,True
Anomaly_4MJCLv.jpg,Anomaly,Anomaly,True
Normal_DF5vv0.jpg,Normal,Normal,True
Normal_n5nWiB.jpg,Normal,Normal,True
Anomaly_ZzbVN3.jpg,Anomaly,Anomaly,True
Normal_rmu047.jpg,Normal,Normal,True
Normal_PxoX6i.jpg,Normal,Normal,True
Normal_KtZZuF.jpg,Normal,Normal,True
Anomaly_0UQx4e.jpg,Anomaly,Anomaly,True
Normal_9Pz2BI.jpg,Normal,Normal,True
Normal_BCW7uj.jpg,Normal,Normal,True
Normal_zxc8nA.jpg,Normal,Normal,True
Normal_bhSmdT.jpg,Normal,Normal,True
Normal_CcGp8A.jpg,Normal,Normal,True
Normal_h5WVBW.jpg,Normal,Normal,True
Anomaly_jYONLV.jpg,Anomaly,Anomaly,True
Normal_aTw71x.jpg,Normal,Normal,True
Normal_gupG7v.jpg,Normal,Normal,True
Normal_XlHcjr.jpg,Normal,Normal,True
Normal_Zl7j0U.jpg,Normal,Normal,True
Anomaly_Eil3bd.jpg,Anomaly,Anomaly,True
Anomaly_JWHR8q.jpg,Anomaly,Anomaly,True
Normal_996utl.jpg,Normal,Normal,True
Anomaly_O94Bar.jpg,Anomaly,Anomaly,True
Normal_nk7vuW.jpg,Normal,Normal,True
Anomaly_JZzAun.jpg,Anomaly,Anomaly,True
Normal_ekcfG5.jpg,Normal,Normal,True
Anomaly_GSLGpU.jpg,Anomaly,Anomaly,True
Normal_Dn8eBH.jpg,Normal,Normal,True
Anomaly_fidpeH.jpg,Anomaly,Normal,False
Normal_1aOeTI.jpg,Normal,Normal,True
Normal_OjcD62.jpg,Normal,Normal,True
Normal_hALcfE.jpg,Normal,Normal,True
Normal_4NzA2I.jpg,Normal,Normal,True
Normal_AvS1ol.jpg,Normal,Normal,True
Anomaly_IyVnoB.jpg,Anomaly,Anomaly,True
Normal_ndRwPz.jpg,Normal,Normal,True
Anomaly_3BgZlF.jpg,Anomaly,Normal,False
Anomaly_AceIaQ.jpg,Anomaly,Anomaly,True
Anomaly_2Re8J4.jpg,Anomaly,Anomaly,True
Normal_sbjABK.jpg,Normal,Normal,True
Normal_7poMLl.jpg,Normal,Anomaly,False
Normal_PHvTOv.jpg,Normal,Normal,True
Anomaly_kyNlm2.jpg,Anomaly,Anomaly,True
Normal_24BbQ3.jpg,Normal,Normal,True
Normal_CQepqK.jpg,Normal,Normal,True
Normal_klp1C1.jpg,Normal,Normal,True
Normal_ODSQtD.jpg,Normal,Normal,True
Anomaly_coKzjN.jpg,Anomaly,Anomaly,True
Normal_2ooQEs.jpg,Normal,Normal,True
Normal_7cMWIX.jpg,Normal,Normal,True
Anomaly_79uued.jpg,Anomaly,Anomaly,True
Normal_qgt7ie.jpg,Normal,Normal,True
Anomaly_XmcxS6.jpg,Anomaly,Anomaly,True
Normal_ha1I3c.jpg,Normal,Normal,True
Anomaly_jIc553.jpg,Anomaly,Anomaly,True
Normal_i91cx8.jpg,Normal,Normal,True
Anomaly_ppgI2d.jpg,Anomaly,Normal,False
Normal_OU3pTf.jpg,Normal,Anomaly,False
Anomaly_UOlfMO.jpg,Anomaly,Normal,False
Normal_SwGvjE.jpg,Normal,Normal,True
Anomaly_TKAV7X.jpg,Anomaly,Anomaly,True
Anomaly_TpHTkD.jpg,Anomaly,Anomaly,True
Normal_7Th644.jpg,Normal,Normal,True
Normal_frRfN2.jpg,Normal,Normal,True
Normal_wggF6v.jpg,Normal,Normal,True
Normal_lp1JKw.jpg,Normal,Normal,True
Anomaly_PO0mSY.jpg,Anomaly,Normal,False
Normal_dSDRwO.jpg,Normal,Normal,True
Anomaly_RxuYA9.jpg,Anomaly,Anomaly,True
Normal_kgxwQH.jpg,Normal,Normal,True
Normal_XJYl9m.jpg,Normal,Normal,True
Anomaly_PwrTmL.jpg,Anomaly,Anomaly,True
Anomaly_4w8aQv.jpg,Anomaly,Normal,False
Normal_nVpeU3.jpg,Normal,Normal,True
Normal_r5Z8RH.jpg,Normal,Normal,True
Normal_s2UJ51.jpg,Normal,Normal,True
Anomaly_yzVCbp.jpg,Anomaly,Anomaly,True
Anomaly_cwTtdD.jpg,Anomaly,Anomaly,True
Anomaly_M0PaOx.jpg,Anomaly,Anomaly,True
Anomaly_jtj5dS.jpg,Anomaly,Anomaly,True
Normal_cqvH3q.jpg,Normal,Normal,True
Anomaly_JXz8Ht.jpg,Anomaly,Anomaly,True
Normal_3qCsPc.jpg,Normal,Normal,True
Normal_eDujiT.jpg,Normal,Anomaly,False
Anomaly_jPgJEy.jpg,Anomaly,Anomaly,True
Anomaly_af4rki.jpg,Anomaly,Anomaly,True
Normal_yY6ktF.jpg,Normal,Normal,True
Anomaly_WbtxQA.jpg,Anomaly,Anomaly,True
Anomaly_GzFSs9.jpg,Anomaly,Anomaly,True
Anomaly_iEWsV0.jpg,Anomaly,Anomaly,True
Normal_kCueae.jpg,Normal,Normal,True
Normal_ryAAk8.jpg,Normal,Normal,True
Normal_IoGTwb.jpg,Normal,Normal,True
Anomaly_IQwgaJ.jpg,Anomaly,Anomaly,True
Normal_YKV3RF.jpg,Normal,Normal,True
Anomaly_oM7M7R.jpg,Anomaly,Anomaly,True
Anomaly_gx0eUt.jpg,Anomaly,Anomaly,True
Normal_Fzcu2E.jpg,Normal,Normal,True
Anomaly_gSMVea.jpg,Anomaly,Anomaly,True
Normal_FtqIlh.jpg,Normal,Normal,True
Normal_FP2E0A.jpg,Normal,Normal,True
Anomaly_lgHYwt.jpg,Anomaly,Anomaly,True
Normal_hqHlIL.jpg,Normal,Normal,True
Anomaly_5eprAW.jpg,Anomaly,Anomaly,True
Anomaly_RVHHPb.jpg,Anomaly,Anomaly,True
Anomaly_mqN47q.jpg,Anomaly,Anomaly,True
Normal_zmArj2.jpg,Normal,Normal,True
Anomaly_4i1dAI.jpg,Anomaly,Anomaly,True
Normal_cVb6yh.jpg,Normal,Normal,True
Normal_l2zvPb.jpg,Normal,Normal,True
Anomaly_9x6tSm.jpg,Anomaly,Anomaly,True
Anomaly_5L3v7G.jpg,Anomaly,Anomaly,True
Anomaly_mMzkqO.jpg,Anomaly,Anomaly,True
Normal_n9fvU3.jpg,Normal,Normal,True
Normal_l1HPF7.jpg,Normal,Normal,True
Normal_Snk1HZ.jpg,Normal,Normal,True
Anomaly_IC8zqQ.jpg,Anomaly,Anomaly,True
Anomaly_i1hNCC.jpg,Anomaly,Anomaly,True
Normal_vA5YIZ.jpg,Normal,Normal,True
Anomaly_JawWB7.jpg,Anomaly,Anomaly,True
Normal_aLrbzp.jpg,Normal,Normal,True
Anomaly_AeHijR.jpg,Anomaly,Anomaly,True
Anomaly_PwV8Zm.jpg,Anomaly,Normal,False
Anomaly_ZSsdFU.jpg,Anomaly,Anomaly,True
Normal_ou0KXd.jpg,Normal,Normal,True
Normal_PreMTQ.jpg,Normal,Normal,True
Normal_1gUOvZ.jpg,Normal,Normal,True
Anomaly_WwR7S9.jpg,Anomaly,Anomaly,True
Normal_EGb9wZ.jpg,Normal,Normal,True
Anomaly_t5aUkr.jpg,Anomaly,Anomaly,True
Anomaly_HYLZCn.jpg,Anomaly,Normal,False
Normal_JYpBHH.jpg,Normal,Normal,True
Normal_7MihEo.jpg,Normal,Normal,True
Anomaly_NSqT1S.jpg,Anomaly,Anomaly,True
Anomaly_jMYdsg.jpg,Anomaly,Anomaly,True
Normal_YDyKS0.jpg,Normal,Normal,True
Anomaly_w1ZliW.jpg,Anomaly,Anomaly,True
Normal_BUYw03.jpg,Normal,Normal,True
Anomaly_7Qkbox.jpg,Anomaly,Anomaly,True
Anomaly_vOzYpO.jpg,Anomaly,Anomaly,True
Normal_kAiWhB.jpg,Normal,Normal,True
Normal_nyKglu.jpg,Normal,Normal,True
Normal_XwtMME.jpg,Normal,Normal,True
Anomaly_38LoZv.jpg,Anomaly,Anomaly,True
Anomaly_ugz92I.jpg,Anomaly,Normal,False
Normal_yltG3i.jpg,Normal,Normal,True
Anomaly_qKSTrL.jpg,Anomaly,Anomaly,True
Normal_YgbBoo.jpg,Normal,Normal,True
Anomaly_yb0kt9.jpg,Anomaly,Anomaly,True
Normal_kGpKjA.jpg,Normal,Normal,True
Normal_dUOA3h.jpg,Normal,Normal,True
Anomaly_MRj8ia.jpg,Anomaly,Anomaly,True
Normal_kPmFmX.jpg,Normal,Normal,True
Anomaly_nfWcWH.jpg,Anomaly,Anomaly,True
Anomaly_sBKHRT.jpg,Anomaly,Anomaly,True
Anomaly_AMIN32.jpg,Anomaly,Normal,False
Anomaly_wnBqQG.jpg,Anomaly,Anomaly,True
Normal_dJzUhd.jpg,Normal,Normal,True
Normal_6BsRWB.jpg,Normal,Normal,True
Anomaly_DcxeR6.jpg,Anomaly,Anomaly,True
Normal_bIVsDu.jpg,Normal,Normal,True
Anomaly_yYNrT3.jpg,Anomaly,Anomaly,True
Normal_IXwoHH.jpg,Normal,Normal,True
Normal_rKkMW9.jpg,Normal,Normal,True
Normal_Z10DIZ.jpg,Normal,Normal,True
Anomaly_oEjgM0.jpg,Anomaly,Anomaly,True
Normal_fL6m8n.jpg,Normal,Normal,True
Normal_3sTd34.jpg,Normal,Normal,True
Normal_igrils.jpg,Normal,Normal,True
Normal_OlxiLP.jpg,Normal,Normal,True
Anomaly_x8wwiZ.jpg,Anomaly,Anomaly,True
Anomaly_RbKnzA.jpg,Anomaly,Anomaly,True
Anomaly_QpXH49.jpg,Anomaly,Anomaly,True
Normal_FLF82X.jpg,Normal,Normal,True
Normal_YfgIfg.jpg,Normal,Normal,True
Normal_X9VqIo.jpg,Normal,Normal,True
Normal_bQx0mk.jpg,Normal,Normal,True
Anomaly_VFt0tQ.jpg,Anomaly,Normal,False
Anomaly_XO24Bt.jpg,Anomaly,Normal,False
Anomaly_O7FtJ5.jpg,Anomaly,Anomaly,True
Anomaly_qLVm6n.jpg,Anomaly,Normal,False
Anomaly_I6flhe.jpg,Anomaly,Anomaly,True
Normal_wZtfMt.jpg,Normal,Normal,True
Anomaly_XDzNAJ.jpg,Anomaly,Anomaly,True
Anomaly_uLGhVO.jpg,Anomaly,Anomaly,True
Normal_bYi5h9.jpg,Normal,Normal,True
Normal_ES8cyk.jpg,Normal,Anomaly,False
Anomaly_JpWn9L.jpg,Anomaly,Anomaly,True
Normal_0Uw15l.jpg,Normal,Normal,True
Normal_KM8UWT.jpg,Normal,Normal,True
Normal_Fd6JRw.jpg,Normal,Normal,True
Normal_1B3NUV.jpg,Normal,Normal,True
Normal_sOsNEx.jpg,Normal,Normal,True
Anomaly_Tnm8Ie.jpg,Anomaly,Anomaly,True
Normal_vpqxdu.jpg,Normal,Normal,True
Normal_H9QOfA.jpg,Normal,Normal,True
Anomaly_S1L4CA.jpg,Anomaly,Anomaly,True
Normal_FDRLmv.jpg,Normal,Normal,True
Anomaly_JPRQxQ.jpg,Anomaly,Anomaly,True
Anomaly_lkMcvP.jpg,Anomaly,Normal,False
Normal_lBTAqp.jpg,Normal,Normal,True
Anomaly_928UPP.jpg,Anomaly,Normal,False
Normal_Pyq9AU.jpg,Normal,Normal,True
Anomaly_xsqZdH.jpg,Anomaly,Normal,False
Normal_rbw3S2.jpg,Normal,Normal,True
Normal_fcDN7B.jpg,Normal,Normal,True
Normal_MWq8o3.jpg,Normal,Normal,True
Normal_JwNauq.jpg,Normal,Normal,True
Anomaly_JdKPjF.jpg,Anomaly,Anomaly,True
Anomaly_omtyEt.jpg,Anomaly,Normal,False
Anomaly_nvowpD.jpg,Anomaly,Anomaly,True
Normal_smKQpe.jpg,Normal,Normal,True
Anomaly_kUdPsd.jpg,Anomaly,Anomaly,True
Anomaly_aEA6Pc.jpg,Anomaly,Anomaly,True
Anomaly_MiOPYS.jpg,Anomaly,Anomaly,True
Normal_pAlKNA.jpg,Normal,Normal,True
Normal_zKXDyJ.jpg,Normal,Normal,True
Normal_cLHLCm.jpg,Normal,Normal,True
Anomaly_H2IhtC.jpg,Anomaly,Anomaly,True
Normal_iiSsdZ.jpg,Normal,Normal,True
Anomaly_onm2xW.jpg,Anomaly,Anomaly,True
Normal_Fq1bFq.jpg,Normal,Normal,True
Normal_mBn87E.jpg,Normal,Normal,True
Normal_C8DElx.jpg,Normal,Anomaly,False
Normal_WFC2HR.jpg,Normal,Normal,True
Anomaly_dHdUBF.jpg,Anomaly,Anomaly,True
Anomaly_gx3ve5.jpg,Anomaly,Anomaly,True
Normal_zOtvXb.jpg,Normal,Normal,True
Anomaly_eQnfcU.jpg,Anomaly,Anomaly,True
Anomaly_xjOuUX.jpg,Anomaly,Anomaly,True
Anomaly_wo1knT.jpg,Anomaly,Anomaly,True
Normal_n7TlXJ.jpg,Normal,Anomaly,False
Anomaly_MsYBtO.jpg,Anomaly,Normal,False
Normal_jQzC0Y.jpg,Normal,Normal,True
Normal_dFMsFY.jpg,Normal,Normal,True
Anomaly_xIDHs8.jpg,Anomaly,Anomaly,True
Normal_8ztdiv.jpg,Normal,Normal,True
Anomaly_KLvdz4.jpg,Anomaly,Anomaly,True
Anomaly_OlHeCL.jpg,Anomaly,Anomaly,True
Anomaly_YLvDGu.jpg,Anomaly,Anomaly,True
Normal_GqK8OM.jpg,Normal,Normal,True
Normal_C0yvMp.jpg,Normal,Normal,True
Normal_CWeKBL.jpg,Normal,Normal,True
Anomaly_1RVClq.jpg,Anomaly,Anomaly,True
Anomaly_JSkee4.jpg,Anomaly,Normal,False
Normal_S0ixwB.jpg,Normal,Normal,True
Anomaly_qGXHGf.jpg,Anomaly,Anomaly,True
Normal_bUPzS0.jpg,Normal,Normal,True
Anomaly_qNlrMz.jpg,Anomaly,Normal,False
Normal_BnjYaN.jpg,Normal,Normal,True
Normal_VUJeJs.jpg,Normal,Normal,True
Normal_5sC6I0.jpg,Normal,Normal,True
Normal_HB2LUK.jpg,Normal,Normal,True
Anomaly_0Eab78.jpg,Anomaly,Anomaly,True
Normal_jgUF5B.jpg,Normal,Normal,True
Anomaly_4SgIEK.jpg,Anomaly,Anomaly,True
Anomaly_Rl5uXT.jpg,Anomaly,Anomaly,True
Normal_oRPMfl.jpg,Normal,Normal,True
Normal_Kjio24.jpg,Normal,Normal,True
Anomaly_NrIFrk.jpg,Anomaly,Anomaly,True
Anomaly_p8CZbB.jpg,Anomaly,Anomaly,True
Normal_9js2cg.jpg,Normal,Normal,True
Anomaly_9VSygH.jpg,Anomaly,Normal,False
Anomaly_oCoyVT.jpg,Anomaly,Normal,False
Normal_P35zI0.jpg,Normal,Normal,True
Normal_gKd90L.jpg,Normal,Normal,True
Normal_fFarv7.jpg,Normal,Normal,True
Normal_21fX90.jpg,Normal,Normal,True
Normal_P6tmWd.jpg,Normal,Normal,True
Normal_r2qTaz.jpg,Normal,Normal,True
Normal_qJEEF8.jpg,Normal,Normal,True
Normal_c1CEdh.jpg,Normal,Normal,True
Anomaly_bmjcoP.jpg,Anomaly,Anomaly,True
Anomaly_sdnGoz.jpg,Anomaly,Anomaly,True
Anomaly_VcMWgP.jpg,Anomaly,Normal,False
Normal_7NvWo1.jpg,Normal,Normal,True
Anomaly_QkZcyH.jpg,Anomaly,Normal,False
Normal_N7jVEE.jpg,Normal,Normal,True
Normal_zAPa4K.jpg,Normal,Normal,True
Anomaly_bFU6bw.jpg,Anomaly,Anomaly,True
Anomaly_x9fFyD.jpg,Anomaly,Anomaly,True
Normal_w7yCcY.jpg,Normal,Normal,True
Normal_BcbjI6.jpg,Normal,Normal,True
Anomaly_uN0my1.jpg,Anomaly,Anomaly,True
Anomaly_wIz1hL.jpg,Anomaly,Anomaly,True
Normal_zIgmBI.jpg,Normal,Normal,True
Normal_UaZnd5.jpg,Normal,Normal,True
Normal_QIMM8P.jpg,Normal,Normal,True
Normal_xhUlKj.jpg,Normal,Normal,True
Normal_zRJpmV.jpg,Normal,Normal,True
Normal_YzNuyK.jpg,Normal,Normal,True
Normal_DhupDS.jpg,Normal,Normal,True
Anomaly_O5WFjB.jpg,Anomaly,Normal,False
Anomaly_uN63FH.jpg,Anomaly,Anomaly,True
Anomaly_uYW5E4.jpg,Anomaly,Normal,False
Normal_7Te0qM.jpg,Normal,Normal,True
Normal_m0lECV.jpg,Normal,Normal,True
Normal_ivZKm0.jpg,Normal,Normal,True
Normal_Buumzl.jpg,Normal,Normal,True
Anomaly_zkdlON.jpg,Anomaly,Normal,False
Normal_RNtCg8.jpg,Normal,Normal,True
Anomaly_RmjmAj.jpg,Anomaly,Normal,False
Anomaly_AZIryn.jpg,Anomaly,Anomaly,True
Normal_ixaIkK.jpg,Normal,Normal,True
Anomaly_vl8HM4.jpg,Anomaly,Anomaly,True
Normal_e5n6hb.jpg,Normal,Normal,True
Normal_KaqAwp.jpg,Normal,Normal,True
Anomaly_S5rX3M.jpg,Anomaly,Normal,False
Anomaly_SY48w6.jpg,Anomaly,Anomaly,True
Normal_pPRmzF.jpg,Normal,Normal,True
Normal_ub78EL.jpg,Normal,Normal,True
Anomaly_hd78aO.jpg,Anomaly,Anomaly,True
Normal_K3q7i5.jpg,Normal,Normal,True
Normal_X4fs9R.jpg,Normal,Normal,True
Normal_ij6BJV.jpg,Normal,Normal,True
Normal_jphtfg.jpg,Normal,Normal,True
Normal_NUhVkC.jpg,Normal,Normal,True
Normal_sHG1Mt.jpg,Normal,Normal,True
Normal_IIWWEB.jpg,Normal,Normal,True
Normal_Hh0Mt5.jpg,Normal,Normal,True
Anomaly_d0jDSC.jpg,Anomaly,Anomaly,True
Normal_3rLhzs.jpg,Normal,Normal,True
Anomaly_RfcXMd.jpg,Anomaly,Anomaly,True
Anomaly_S2Aomb.jpg,Anomaly,Anomaly,True
Anomaly_HV6ilw.jpg,Anomaly,Normal,False
Normal_YSYr14.jpg,Normal,Normal,True
Anomaly_SgWQ0c.jpg,Anomaly,Anomaly,True
Normal_ESv963.jpg,Normal,Normal,True
Normal_FlkFBp.jpg,Normal,Normal,True
Normal_ibijkJ.jpg,Normal,Normal,True
Normal_Fjynxw.jpg,Normal,Normal,True
Anomaly_aRQ6a5.jpg,Anomaly,Anomaly,True
Normal_yjJ8bu.jpg,Normal,Normal,True
Normal_XC4IcR.jpg,Normal,Normal,True
Anomaly_pbJwDg.jpg,Anomaly,Normal,False
Anomaly_DQNCGA.jpg,Anomaly,Anomaly,True
Normal_Y5xPzG.jpg,Normal,Normal,True
Normal_uRqGGT.jpg,Normal,Normal,True
Anomaly_iPr0lE.jpg,Anomaly,Anomaly,True
Normal_bjtaHX.jpg,Normal,Normal,True
Anomaly_X0rZZg.jpg,Anomaly,Anomaly,True
Normal_OgRKi7.jpg,Normal,Normal,True
Normal_xstS6x.jpg,Normal,Normal,True
Anomaly_M5m9Ur.jpg,Anomaly,Anomaly,True
Normal_bRH67Z.jpg,Normal,Normal,True
Anomaly_dhUKQ3.jpg,Anomaly,Anomaly,True
Normal_QSQH4n.jpg,Normal,Normal,True
Anomaly_piHCGx.jpg,Anomaly,Anomaly,True
Anomaly_5ybGFR.jpg,Anomaly,Anomaly,True
Anomaly_JQIUCJ.jpg,Anomaly,Normal,False
Normal_PoKTfE.jpg,Normal,Normal,True
Normal_QpWSgY.jpg,Normal,Normal,True
Normal_lbm0c2.jpg,Normal,Normal,True
Normal_HpiIkN.jpg,Normal,Normal,True
Anomaly_6IjNwe.jpg,Anomaly,Anomaly,True
Anomaly_uqykp2.jpg,Anomaly,Anomaly,True
Normal_mXoGxt.jpg,Normal,Normal,True
Normal_jzEGIu.jpg,Normal,Normal,True
Normal_M0p9p9.jpg,Normal,Normal,True
Normal_r6dvE9.jpg,Normal,Normal,True
Normal_7wuWel.jpg,Normal,Normal,True
Anomaly_rmzW3n.jpg,Anomaly,Anomaly,True
Anomaly_jWB8YJ.jpg,Anomaly,Normal,False
Normal_nMK6f1.jpg,Normal,Normal,True
Normal_cNJfXp.jpg,Normal,Anomaly,False
Anomaly_25Vq7E.jpg,Anomaly,Anomaly,True
Anomaly_ORBLxU.jpg,Anomaly,Anomaly,True
Anomaly_OREDfe.jpg,Anomaly,Anomaly,True
Anomaly_WObMVZ.jpg,Anomaly,Anomaly,True
Normal_g5VbiU.jpg,Normal,Normal,True
Normal_WQ7Eca.jpg,Normal,Normal,True
Anomaly_yTvmPZ.jpg,Anomaly,Normal,False
Normal_AXslSL.jpg,Normal,Normal,True
Normal_mxSsFO.jpg,Normal,Normal,True
Normal_8kjbcZ.jpg,Normal,Normal,True
Normal_ZMrANM.jpg,Normal,Normal,True
Anomaly_GnfvPA.jpg,Anomaly,Anomaly,True
Anomaly_7msC4w.jpg,Anomaly,Anomaly,True
Normal_4ghppS.jpg,Normal,Normal,True
Anomaly_y0qurR.jpg,Anomaly,Anomaly,True
Normal_jHv1wm.jpg,Normal,Normal,True
Normal_YVUFuL.jpg,Normal,Normal,True
Anomaly_XrE0F7.jpg,Anomaly,Anomaly,True
Normal_PlOjkk.jpg,Normal,Normal,True
Normal_K5R0hA.jpg,Normal,Normal,True
Anomaly_qpR4iy.jpg,Anomaly,Anomaly,True
Normal_2qi31u.jpg,Normal,Normal,True
Anomaly_QSdQj2.jpg,Anomaly,Anomaly,True
Normal_SKIH63.jpg,Normal,Normal,True
Normal_V2wrzM.jpg,Normal,Normal,True
Anomaly_yzdrih.jpg,Anomaly,Anomaly,True
Normal_92ZfHd.jpg,Normal,Normal,True
Anomaly_l8uygq.jpg,Anomaly,Anomaly,True
Normal_atmAmL.jpg,Normal,Normal,True
Anomaly_vDL6AX.jpg,Anomaly,Anomaly,True
Anomaly_OvkXx0.jpg,Anomaly,Anomaly,True
Normal_FAW0Hn.jpg,Normal,Normal,True
Anomaly_8Xd5ak.jpg,Anomaly,Anomaly,True
Normal_QVDZkE.jpg,Normal,Normal,True
Normal_YojcLj.jpg,Normal,Normal,True
Normal_sqRwGP.jpg,Normal,Normal,True
Normal_LpiY2n.jpg,Normal,Normal,True
Anomaly_19nc5y.jpg,Anomaly,Anomaly,True
Anomaly_TD4EOF.jpg,Anomaly,Normal,False
Anomaly_5gjYOn.jpg,Anomaly,Anomaly,True
Normal_DDRDKk.jpg,Normal,Normal,True
Normal_NTstBL.jpg,Normal,Normal,True
Anomaly_XWdcD9.jpg,Anomaly,Normal,False
Normal_Mfyh5M.jpg,Normal,Normal,True
Normal_0VHyos.jpg,Normal,Normal,True
Normal_r1oXIJ.jpg,Normal,Normal,True
Normal_1TxDav.jpg,Normal,Normal,True
Anomaly_lzPaxI.jpg,Anomaly,Anomaly,True
Anomaly_ZgMeBh.jpg,Anomaly,Anomaly,True
Anomaly_YZssnM.jpg,Anomaly,Anomaly,True
Normal_nkQEKC.jpg,Normal,Normal,True
Normal_2zjKuF.jpg,Normal,Normal,True
Anomaly_iB3aBp.jpg,Anomaly,Anomaly,True
Normal_770wN9.jpg,Normal,Normal,True
Anomaly_NaqC97.jpg,Anomaly,Normal,False
Anomaly_hMcxAE.jpg,Anomaly,Anomaly,True
Normal_FZO2MA.jpg,Normal,Normal,True
Anomaly_gXnwO1.jpg,Anomaly,Anomaly,True
Normal_E2xm1a.jpg,Normal,Normal,True
Normal_6wzww9.jpg,Normal,Normal,True
Anomaly_xdU4IC.jpg,Anomaly,Anomaly,True
Anomaly_6ij1vo.jpg,Anomaly,Normal,False
Anomaly_2rFbEi.jpg,Anomaly,Normal,False
Normal_NjzDDw.jpg,Normal,Normal,True
Normal_Q57XQj.jpg,Normal,Normal,True
Anomaly_6aaSEH.jpg,Anomaly,Anomaly,True
Normal_E6benv.jpg,Normal,Normal,True
Normal_GNtvl8.jpg,Normal,Normal,True
Normal_qcyYyv.jpg,Normal,Normal,True
Normal_AsF2uo.jpg,Normal,Normal,True
Normal_FeIqwM.jpg,Normal,Normal,True
Normal_Xw3BD5.jpg,Normal,Normal,True
Anomaly_DdMaav.jpg,Anomaly,Anomaly,True
Anomaly_BpyPcO.jpg,Anomaly,Anomaly,True
Anomaly_qElKQ6.jpg,Anomaly,Anomaly,True
Normal_emMmZh.jpg,Normal,Normal,True
Anomaly_VzsDvS.jpg,Anomaly,Normal,False
Normal_xpOSMj.jpg,Normal,Normal,True
Normal_SuUiiT.jpg,Normal,Normal,True
Anomaly_2Bciw9.jpg,Anomaly,Anomaly,True
Anomaly_jZKpQv.jpg,Anomaly,Anomaly,True
Anomaly_bMTtZE.jpg,Anomaly,Anomaly,True
Normal_pGV3av.jpg,Normal,Normal,True
Anomaly_TSOmfT.jpg,Anomaly,Anomaly,True
Normal_nOmGMv.jpg,Normal,Normal,True
Anomaly_0glWZR.jpg,Anomaly,Anomaly,True
Anomaly_VPnsPC.jpg,Anomaly,Anomaly,True
Normal_UlEI0v.jpg,Normal,Normal,True
Anomaly_x5NaR5.jpg,Anomaly,Anomaly,True
Normal_lZjwfa.jpg,Normal,Normal,True
Anomaly_gtaVZz.jpg,Anomaly,Anomaly,True
Anomaly_J8bct1.jpg,Anomaly,Anomaly,True
Normal_8iXztg.jpg,Normal,Normal,True
Anomaly_7549Ar.jpg,Anomaly,Anomaly,True
Normal_HEjVKb.jpg,Normal,Normal,True
Anomaly_15GMm5.jpg,Anomaly,Anomaly,True
Anomaly_7cq7Wa.jpg,Anomaly,Anomaly,True
Normal_Ss9XYR.jpg,Normal,Normal,True
Anomaly_u13p8y.jpg,Anomaly,Anomaly,True
Anomaly_vJv57N.jpg,Anomaly,Anomaly,True
Anomaly_4JrmOu.jpg,Anomaly,Anomaly,True
Normal_ESovbp.jpg,Normal,Normal,True
Anomaly_9fDC1H.jpg,Anomaly,Anomaly,True
Anomaly_uu6BH9.jpg,Anomaly,Anomaly,True
Anomaly_fz7Dcn.jpg,Anomaly,Anomaly,True
Anomaly_MBHQku.jpg,Anomaly,Normal,False
Anomaly_I13GUh.jpg,Anomaly,Normal,False
Anomaly_dTKXFd.jpg,Anomaly,Anomaly,True
Anomaly_RdzULd.jpg,Anomaly,Anomaly,True
Normal_hVVOvv.jpg,Normal,Normal,True
Normal_7G6rBb.jpg,Normal,Normal,True
Anomaly_O8vjwt.jpg,Anomaly,Anomaly,True
Anomaly_lob627.jpg,Anomaly,Anomaly,True
Anomaly_t9DTpy.jpg,Anomaly,Anomaly,True
Normal_BFOEtv.jpg,Normal,Normal,True
Normal_kqQzxp.jpg,Normal,Normal,True
Anomaly_SSSdEd.jpg,Anomaly,Anomaly,True
Normal_R5IKFv.jpg,Normal,Normal,True
Anomaly_kacCqF.jpg,Anomaly,Anomaly,True
Normal_Wu4Tyg.jpg,Normal,Normal,True
Normal_dt9BtU.jpg,Normal,Normal,True
Normal_0feSYI.jpg,Normal,Normal,True
Anomaly_qe9JsU.jpg,Anomaly,Anomaly,True
Normal_MxMyxl.jpg,Normal,Normal,True
Normal_ryqVBe.jpg,Normal,Normal,True
Normal_p7Ar6H.jpg,Normal,Normal,True
Anomaly_h5HEZ8.jpg,Anomaly,Anomaly,True
Anomaly_rtpRuM.jpg,Anomaly,Anomaly,True
Anomaly_KphoM7.jpg,Anomaly,Anomaly,True
Anomaly_VATxg6.jpg,Anomaly,Anomaly,True
Normal_xhZLAx.jpg,Normal,Normal,True
Anomaly_fpnTq0.jpg,Anomaly,Anomaly,True
Anomaly_kHXaQ9.jpg,Anomaly,Anomaly,True
Anomaly_N3LI76.jpg,Anomaly,Normal,False
Anomaly_5njDpx.jpg,Anomaly,Anomaly,True
Anomaly_ktBJU5.jpg,Anomaly,Normal,False
Anomaly_xv903b.jpg,Anomaly,Anomaly,True
Normal_Oq5Ike.jpg,Normal,Normal,True
Normal_aF7XDC.jpg,Normal,Normal,True
Anomaly_SRqnDf.jpg,Anomaly,Anomaly,True
Anomaly_BDYDfn.jpg,Anomaly,Anomaly,True
Anomaly_swojHR.jpg,Anomaly,Anomaly,True
Normal_tgk0Dh.jpg,Normal,Normal,True
Anomaly_RsSJLz.jpg,Anomaly,Anomaly,True
Anomaly_y9WKmk.jpg,Anomaly,Anomaly,True
Normal_7Nz6z4.jpg,Normal,Normal,True
Anomaly_3Jw10S.jpg,Anomaly,Anomaly,True
Anomaly_doVEcz.jpg,Anomaly,Anomaly,True
Anomaly_oiZy7r.jpg,Anomaly,Anomaly,True
Normal_as0Lgr.jpg,Normal,Normal,True
Anomaly_fA2VBx.jpg,Anomaly,Anomaly,True
Normal_a5CVR7.jpg,Normal,Normal,True
Normal_U8gttp.jpg,Normal,Normal,True
Normal_jfMx4w.jpg,Normal,Normal,True
Normal_pkr3g6.jpg,Normal,Normal,True
Normal_d4a5in.jpg,Normal,Normal,True
Normal_8n2d6O.jpg,Normal,Normal,True
Anomaly_H5aWq6.jpg,Anomaly,Anomaly,True
Normal_cx7lcL.jpg,Normal,Normal,True
Normal_tcSRZ1.jpg,Normal,Normal,True
Normal_PnkIQp.jpg,Normal,Normal,True
Normal_ZMBkfA.jpg,Normal,Normal,True
Anomaly_QoZkTO.jpg,Anomaly,Anomaly,True
Normal_v89ZFF.jpg,Normal,Normal,True
Normal_6yMWkK.jpg,Normal,Normal,True
Normal_WGTSH2.jpg,Normal,Normal,True
Anomaly_tFqgdm.jpg,Anomaly,Normal,False
Normal_uyXyDr.jpg,Normal,Normal,True
Anomaly_9xJVYB.jpg,Anomaly,Anomaly,True
Anomaly_sp0ExP.jpg,Anomaly,Normal,False
Normal_5dgZ0P.jpg,Normal,Normal,True
Normal_2QRUG5.jpg,Normal,Normal,True
Normal_KLmH4T.jpg,Normal,Normal,True
Normal_sZSnOh.jpg,Normal,Normal,True
Normal_kJN8vD.jpg,Normal,Normal,True
Normal_TwkVE5.jpg,Normal,Normal,True
Normal_Y372A3.jpg,Normal,Normal,True
Normal_duXxcK.jpg,Normal,Normal,True
Normal_1pJzek.jpg,Normal,Normal,True
Normal_OtuqAk.jpg,Normal,Normal,True
Normal_INifZG.jpg,Normal,Normal,True
Normal_tEqo8T.jpg,Normal,Normal,True
Normal_yRMLR7.jpg,Normal,Anomaly,False
Anomaly_dpRPM3.jpg,Anomaly,Anomaly,True
Normal_7X4OLo.jpg,Normal,Normal,True
Anomaly_NBUT4d.jpg,Anomaly,Anomaly,True
Anomaly_WErF8x.jpg,Anomaly,Anomaly,True
Anomaly_9UaciN.jpg,Anomaly,Anomaly,True
Anomaly_zxJaf3.jpg,Anomaly,Normal,False
Anomaly_ORP3f4.jpg,Anomaly,Anomaly,True
Normal_mVqiKL.jpg,Normal,Normal,True
Normal_d2dZnK.jpg,Normal,Normal,True
Anomaly_qJNTdB.jpg,Anomaly,Normal,False
Anomaly_u8r9KU.jpg,Anomaly,Anomaly,True
Normal_PwYnc6.jpg,Normal,Normal,True
Normal_wVOJKo.jpg,Normal,Normal,True
Anomaly_0kE0eN.jpg,Anomaly,Normal,False
Anomaly_6kqvN6.jpg,Anomaly,Anomaly,True
Anomaly_26SWFJ.jpg,Anomaly,Anomaly,True
Normal_N87KB6.jpg,Normal,Normal,True
Normal_ovuJ9x.jpg,Normal,Normal,True
Normal_VPy6H3.jpg,Normal,Normal,True
Normal_X8bLVX.jpg,Normal,Normal,True
Normal_eMSB8P.jpg,Normal,Normal,True
Normal_GiO55E.jpg,Normal,Normal,True
Anomaly_x7YQKm.jpg,Anomaly,Anomaly,True
Anomaly_zU0gSK.jpg,Anomaly,Anomaly,True
Normal_Og5oUp.jpg,Normal,Normal,True
Anomaly_ZjTTbq.jpg,Anomaly,Anomaly,True
Normal_4NeKdB.jpg,Normal,Normal,True
Anomaly_t0hBlf.jpg,Anomaly,Anomaly,True
Anomaly_jZoyi2.jpg,Anomaly,Anomaly,True
Anomaly_N5pb65.jpg,Anomaly,Anomaly,True
Normal_ovcWIk.jpg,Normal,Normal,True
Normal_ygFM17.jpg,Normal,Normal,True
Normal_yKjcYl.jpg,Normal,Normal,True
Normal_buziSC.jpg,Normal,Normal,True
Normal_ZMDR4M.jpg,Normal,Normal,True
Normal_puUoL7.jpg,Normal,Normal,True
Normal_GITcoH.jpg,Normal,Normal,True
Anomaly_LCliUH.jpg,Anomaly,Anomaly,True
Normal_xW55WC.jpg,Normal,Normal,True
Anomaly_brOGoK.jpg,Anomaly,Anomaly,True
Normal_oz9ga5.jpg,Normal,Normal,True
Anomaly_alAcaO.jpg,Anomaly,Anomaly,True
Normal_tySJJj.jpg,Normal,Normal,True
Anomaly_rH5U9V.jpg,Anomaly,Normal,False
Anomaly_vBGT1o.jpg,Anomaly,Anomaly,True
Normal_MS2k97.jpg,Normal,Normal,True
Normal_TJphaL.jpg,Normal,Normal,True
Anomaly_TVQ0xj.jpg,Anomaly,Anomaly,True
Normal_Q3AMli.jpg,Normal,Normal,True
Anomaly_aqVaXr.jpg,Anomaly,Anomaly,True
Normal_eLBCzj.jpg,Normal,Normal,True
Anomaly_zA8BDA.jpg,Anomaly,Anomaly,True
Anomaly_74OfsM.jpg,Anomaly,Normal,False
Anomaly_kbldNC.jpg,Anomaly,Anomaly,True
Normal_8Rog80.jpg,Normal,Normal,True
Anomaly_629toO.jpg,Anomaly,Anomaly,True
Anomaly_dDXTyE.jpg,Anomaly,Anomaly,True
Anomaly_N9JG8Z.jpg,Anomaly,Anomaly,True
Normal_WlzjgB.jpg,Normal,Normal,True
Normal_fdtLib.jpg,Normal,Normal,True
Anomaly_7BPxOc.jpg,Anomaly,Anomaly,True
Anomaly_HNDvCI.jpg,Anomaly,Anomaly,True
Normal_KAjpNw.jpg,Normal,Normal,True
Anomaly_lSL9ze.jpg,Anomaly,Anomaly,True
Normal_oCf0Zn.jpg,Normal,Normal,True
Normal_00HPDE.jpg,Normal,Normal,True
Normal_exIukP.jpg,Normal,Normal,True
Normal_DGZNPz.jpg,Normal,Normal,True
Normal_2ms9tI.jpg,Normal,Normal,True
Normal_KF4rw5.jpg,Normal,Normal,True
Normal_l8brV1.jpg,Normal,Normal,True
Normal_mri4kt.jpg,Normal,Normal,True
Normal_7V0H0n.jpg,Normal,Normal,True
Normal_mQpGym.jpg,Normal,Normal,True
Anomaly_AKapXq.jpg,Anomaly,Normal,False
Normal_g0ZHo1.jpg,Normal,Normal,True
Normal_UrR8nb.jpg,Normal,Normal,True
Normal_WbDtzS.jpg,Normal,Normal,True
Normal_c9rvUa.jpg,Normal,Normal,True
Normal_t4Abvn.jpg,Normal,Normal,True
Anomaly_BenDhq.jpg,Anomaly,Anomaly,True
Normal_FXGxv8.jpg,Normal,Normal,True
Normal_UuS5hy.jpg,Normal,Normal,True
Normal_V53txc.jpg,Normal,Normal,True
Normal_zkyaPM.jpg,Normal,Normal,True
Normal_uT1F9b.jpg,Normal,Normal,True
Anomaly_1UMr7y.jpg,Anomaly,Anomaly,True
Anomaly_nAmzy5.jpg,Anomaly,Anomaly,True
Normal_8p7EQY.jpg,Normal,Normal,True
Anomaly_Ba9BGq.jpg,Anomaly,Anomaly,True
Anomaly_lhfwin.jpg,Anomaly,Anomaly,True
Anomaly_KQwuyR.jpg,Anomaly,Anomaly,True
Normal_iGaAhY.jpg,Normal,Normal,True
Anomaly_lEeGwv.jpg,Anomaly,Anomaly,True
Anomaly_Tf4TtA.jpg,Anomaly,Anomaly,True
Anomaly_eIQuoi.jpg,Anomaly,Anomaly,True
Normal_VvRiPm.jpg,Normal,Normal,True
Normal_92isPZ.jpg,Normal,Normal,True
Anomaly_ittbwi.jpg,Anomaly,Normal,False
Normal_OojnEC.jpg,Normal,Normal,True
Normal_82gDqX.jpg,Normal,Normal,True
Anomaly_d6O33x.jpg,Anomaly,Anomaly,True
Normal_1IGzmG.jpg,Normal,Normal,True
Anomaly_msuy0m.jpg,Anomaly,Anomaly,True
Anomaly_LVuxOS.jpg,Anomaly,Anomaly,True
Anomaly_YtHbeD.jpg,Anomaly,Anomaly,True
Normal_7zk5RX.jpg,Normal,Normal,True
Anomaly_16sMSO.jpg,Anomaly,Anomaly,True
Normal_DsD0Ob.jpg,Normal,Normal,True
Normal_ccbIZj.jpg,Normal,Normal,True
Anomaly_2By5i1.jpg,Anomaly,Anomaly,True
Anomaly_NapnZw.jpg,Anomaly,Anomaly,True
Anomaly_nAA6Qa.jpg,Anomaly,Anomaly,True
Normal_ukackr.jpg,Normal,Normal,True
Normal_5T2TeK.jpg,Normal,Normal,True
Normal_U3pjaE.jpg,Normal,Normal,True
Anomaly_WRClyR.jpg,Anomaly,Anomaly,True
Anomaly_crLxSn.jpg,Anomaly,Anomaly,True
Anomaly_sozehM.jpg,Anomaly,Anomaly,True
Anomaly_GBJQOp.jpg,Anomaly,Anomaly,True
Anomaly_bngzip.jpg,Anomaly,Anomaly,True
Anomaly_sPunm4.jpg,Anomaly,Normal,False
Normal_bfhbEt.jpg,Normal,Normal,True
Anomaly_RTL5u1.jpg,Anomaly,Anomaly,True
Normal_Ca0xj7.jpg,Normal,Normal,True
Anomaly_d7P0ZB.jpg,Anomaly,Normal,False
Anomaly_VmCkTI.jpg,Anomaly,Anomaly,True
Anomaly_KTvpAn.jpg,Anomaly,Anomaly,True
Normal_vTlK74.jpg,Normal,Normal,True
Normal_UGMNX9.jpg,Normal,Normal,True
Anomaly_eo1i01.jpg,Anomaly,Anomaly,True
Normal_EpHgJk.jpg,Normal,Normal,True
Normal_qSjfte.jpg,Normal,Normal,True
Anomaly_TUrH7E.jpg,Anomaly,Anomaly,True
Normal_nt44ka.jpg,Normal,Normal,True
Anomaly_CDCXQN.jpg,Anomaly,Anomaly,True
Normal_KN3ihx.jpg,Normal,Normal,True
Anomaly_VI9gVS.jpg,Anomaly,Anomaly,True
Anomaly_4HqIlM.jpg,Anomaly,Anomaly,True
Anomaly_WNlaPm.jpg,Anomaly,Normal,False
Normal_a2pWqt.jpg,Normal,Normal,True
Anomaly_9CoPl6.jpg,Anomaly,Anomaly,True
Anomaly_tyt8qQ.jpg,Anomaly,Anomaly,True
Anomaly_4YstWC.jpg,Anomaly,Normal,False
Anomaly_q7cR9k.jpg,Anomaly,Anomaly,True
Anomaly_U3v1Xe.jpg,Anomaly,Anomaly,True
Normal_eNnBqT.jpg,Normal,Normal,True
Anomaly_7gLZJB.jpg,Anomaly,Anomaly,True
Anomaly_WcTzIK.jpg,Anomaly,Anomaly,True
Anomaly_WuwFwY.jpg,Anomaly,Anomaly,True
Anomaly_RFT1t0.jpg,Anomaly,Anomaly,True
Anomaly_UeoKND.jpg,Anomaly,Normal,False
Normal_vnkKS6.jpg,Normal,Normal,True
Anomaly_lL0MlF.jpg,Anomaly,Normal,False
Anomaly_iPmqhX.jpg,Anomaly,Anomaly,True
Normal_wbMxz3.jpg,Normal,Normal,True
Anomaly_noS531.jpg,Anomaly,Anomaly,True
Anomaly_fZrxpZ.jpg,Anomaly,Anomaly,True
Normal_Xq4gNC.jpg,Normal,Normal,True
Normal_mAsSjF.jpg,Normal,Normal,True
Normal_vnsQKE.jpg,Normal,Normal,True
Normal_Vm1FZl.jpg,Normal,Normal,True
Normal_5fovhw.jpg,Normal,Normal,True
Anomaly_ccAsvt.jpg,Anomaly,Normal,False
Anomaly_Mo5J9m.jpg,Anomaly,Anomaly,True
Anomaly_mYVwy9.jpg,Anomaly,Anomaly,True
Normal_cgj4MK.jpg,Normal,Normal,True
Anomaly_oUUyhl.jpg,Anomaly,Anomaly,True
Normal_xbj6zf.jpg,Normal,Normal,True
Anomaly_iBm5ey.jpg,Anomaly,Normal,False
Normal_Akm6dQ.jpg,Normal,Normal,True
Anomaly_r3RtoG.jpg,Anomaly,Normal,False
Normal_0lmKLj.jpg,Normal,Normal,True
Normal_0frLrp.jpg,Normal,Normal,True
Anomaly_D90LPh.jpg,Anomaly,Anomaly,True
Anomaly_nhfPBM.jpg,Anomaly,Anomaly,True
Anomaly_hLRn5m.jpg,Anomaly,Anomaly,True
Anomaly_NalhFS.jpg,Anomaly,Anomaly,True
Normal_U0A8kL.jpg,Normal,Normal,True
Anomaly_1OXkj9.jpg,Anomaly,Anomaly,True
Anomaly_njTG3r.jpg,Anomaly,Anomaly,True
Anomaly_UhCJQW.jpg,Anomaly,Anomaly,True
Anomaly_Rlpmk2.jpg,Anomaly,Anomaly,True
Normal_gzxku3.jpg,Normal,Anomaly,False
Normal_ZGPULN.jpg,Normal,Normal,True
Anomaly_HiqXYW.jpg,Anomaly,Anomaly,True
Normal_fHCBMa.jpg,Normal,Normal,True
Anomaly_AOEldc.jpg,Anomaly,Anomaly,True
Normal_ltT6Ke.jpg,Normal,Normal,True
Normal_DPS02D.jpg,Normal,Normal,True
Normal_C6nSPl.jpg,Normal,Normal,True
Normal_tRTmfW.jpg,Normal,Anomaly,False
Normal_8x956P.jpg,Normal,Normal,True
Normal_7WTTMp.jpg,Normal,Normal,True
Anomaly_K9xa3k.jpg,Anomaly,Anomaly,True
Normal_kwIN21.jpg,Normal,Normal,True
Anomaly_VizXFj.jpg,Anomaly,Anomaly,True
Anomaly_l3X6a5.jpg,Anomaly,Anomaly,True
Normal_0shBA9.jpg,Normal,Normal,True
Anomaly_d2SUCG.jpg,Anomaly,Anomaly,True
Normal_BWHy30.jpg,Normal,Normal,True
Normal_nX0jx8.jpg,Normal,Normal,True
Normal_DVWBla.jpg,Normal,Normal,True
Anomaly_EY9sFj.jpg,Anomaly,Anomaly,True
Normal_3zjYxt.jpg,Normal,Normal,True
Anomaly_RTWScT.jpg,Anomaly,Anomaly,True
Normal_VRmzdb.jpg,Normal,Normal,True
Anomaly_M3PxIr.jpg,Anomaly,Anomaly,True
Normal_nlFy5C.jpg,Normal,Normal,True
Normal_UxK2QW.jpg,Normal,Normal,True
Anomaly_Jl7wVx.jpg,Anomaly,Anomaly,True
Anomaly_UrAO8R.jpg,Anomaly,Anomaly,True
Normal_uQHxcm.jpg,Normal,Normal,True
Normal_dsoiEV.jpg,Normal,Normal,True
Normal_NHHRU7.jpg,Normal,Normal,True
Normal_elJiv6.jpg,Normal,Normal,True
Normal_gTMVuE.jpg,Normal,Normal,True
Anomaly_AHwNkf.jpg,Anomaly,Anomaly,True
Anomaly_42svN0.jpg,Anomaly,Anomaly,True
Normal_SakQ0H.jpg,Normal,Normal,True
Anomaly_Lavo8F.jpg,Anomaly,Anomaly,True
Anomaly_fB6x4p.jpg,Anomaly,Anomaly,True
Anomaly_hovp8c.jpg,Anomaly,Anomaly,True
Normal_Yv22dm.jpg,Normal,Normal,True
Anomaly_3sw2k2.jpg,Anomaly,Anomaly,True
Anomaly_1pYIgo.jpg,Anomaly,Anomaly,True
Normal_ZdpZgC.jpg,Normal,Normal,True
Anomaly_QNIaPr.jpg,Anomaly,Anomaly,True
Anomaly_gclkuT.jpg,Anomaly,Anomaly,True
Normal_R2TYla.jpg,Normal,Normal,True
Normal_wvSUSS.jpg,Normal,Normal,True
Anomaly_ALUJ5o.jpg,Anomaly,Anomaly,True
Normal_ZG0F2t.jpg,Normal,Normal,True
Anomaly_Hv2Pzx.jpg,Anomaly,Anomaly,True
Anomaly_RTT05y.jpg,Anomaly,Normal,False
Normal_I2CSx1.jpg,Normal,Normal,True
Anomaly_ShOZD2.jpg,Anomaly,Anomaly,True
Normal_m4p19p.jpg,Normal,Normal,True
Normal_auiXr8.jpg,Normal,Normal,True
Normal_060YWe.jpg,Normal,Normal,True
Normal_OXsf8a.jpg,Normal,Normal,True
Normal_InHG45.jpg,Normal,Normal,True
Anomaly_K9SV5Q.jpg,Anomaly,Anomaly,True
Normal_pPcvLS.jpg,Normal,Normal,True
Anomaly_ZgpJIW.jpg,Anomaly,Anomaly,True
Anomaly_xYy22A.jpg,Anomaly,Normal,False
Anomaly_WG177E.jpg,Anomaly,Normal,False
Normal_gZx3dH.jpg,Normal,Normal,True
Anomaly_C8lXHr.jpg,Anomaly,Anomaly,True
Normal_XQfesZ.jpg,Normal,Normal,True
Normal_6bdWNw.jpg,Normal,Normal,True
Normal_HgM3zW.jpg,Normal,Normal,True
Normal_FNButw.jpg,Normal,Normal,True
Normal_27nHKW.jpg,Normal,Normal,True
Normal_nZOkcJ.jpg,Normal,Normal,True
Anomaly_wWccAe.jpg,Anomaly,Anomaly,True
Normal_TReWVe.jpg,Normal,Normal,True
Normal_2AuzZX.jpg,Normal,Normal,True
Anomaly_8PfGjD.jpg,Anomaly,Anomaly,True
Anomaly_E2WXYB.jpg,Anomaly,Anomaly,True
Normal_BSD1S7.jpg,Normal,Normal,True
Normal_hcA4ZQ.jpg,Normal,Normal,True
Anomaly_Uc4sFM.jpg,Anomaly,Anomaly,True
