Image_Name,Cluster,Label_ssl,Confidence_Score
Anomaly_0Eab78.jpg,1,Anomaly,0.709383118784082
Anomaly_0glWZR.jpg,1,Anomaly,0.6258280685283046
Anomaly_0JjOZ4.jpg,0,Normal,0.6044226646685762
Anomaly_0jLRoa.jpg,1,Anomaly,0.6524266530049201
Anomaly_0kE0eN.jpg,0,Normal,0.6222388111249668
Anomaly_0KlMEe.jpg,1,Anomaly,0.6644110210892918
Anomaly_0quJk4.jpg,1,Anomaly,0.6393765487843752
Anomaly_0RYVBQ.jpg,1,Anomaly,0.663383373661748
Anomaly_0sjK3E.jpg,1,Anomaly,0.6646877677210481
Anomaly_0UQx4e.jpg,1,Anomaly,0.6661178050649288
Anomaly_111c56.jpg,1,Anomaly,0.6714952288503826
Anomaly_11Rxwt.jpg,1,Anomaly,0.5464627935051316
Anomaly_14ipzD.jpg,1,Anomaly,0.6650598142537185
Anomaly_15GMm5.jpg,1,Anomaly,0.6480048997652104
Anomaly_16sMSO.jpg,1,Anomaly,0.6705230416894574
Anomaly_18A4ev.jpg,1,Anomaly,0.6694603998763742
Anomaly_18AHX8.jpg,1,Anomaly,0.676143014958688
Anomaly_19nc5y.jpg,1,Anomaly,0.6542734844163909
Anomaly_1crLRM.jpg,1,Anomaly,0.6695109770518881
Anomaly_1gDxmq.jpg,1,Anomaly,0.644998939092591
Anomaly_1OXkj9.jpg,1,Anomaly,0.6784797977261863
Anomaly_1pYIgo.jpg,1,Anomaly,0.6657387158079877
Anomaly_1qMcmW.jpg,1,Anomaly,0.6399803095880228
Anomaly_1rs2rO.jpg,1,Anomaly,0.6437923940582774
Anomaly_1RVClq.jpg,1,Anomaly,0.6638929676813328
Anomaly_1syx7I.jpg,0,Normal,0.8033143452675383
Anomaly_1UcgYj.jpg,1,Anomaly,0.668315826085949
Anomaly_1UMr7y.jpg,1,Anomaly,0.7186599252976364
Anomaly_22GiH4.jpg,1,Anomaly,0.6396439189412159
Anomaly_25Vq7E.jpg,1,Anomaly,0.6622705372666212
Anomaly_26fiSq.jpg,1,Anomaly,0.7262570540002329
Anomaly_26NUXx.jpg,0,Normal,0.6252420017898757
Anomaly_26SWFJ.jpg,1,Anomaly,0.5462269413166553
Anomaly_27KgQF.jpg,1,Anomaly,0.6464285151766131
Anomaly_2Bciw9.jpg,1,Anomaly,0.6451835549166489
Anomaly_2By5i1.jpg,1,Anomaly,0.6718115007942624
Anomaly_2dxzgJ.jpg,0,Normal,0.6059768023429237
Anomaly_2fw5jG.jpg,1,Anomaly,0.6650283822373202
Anomaly_2JKvFC.jpg,1,Anomaly,0.6802359930567297
Anomaly_2Re8J4.jpg,1,Anomaly,0.6401537264234243
Anomaly_2rFbEi.jpg,0,Normal,0.6110040954019047
Anomaly_2sb6Kv.jpg,1,Anomaly,0.670839217542027
Anomaly_2XSpkK.jpg,1,Anomaly,0.6785782668334277
Anomaly_38LoZv.jpg,1,Anomaly,0.6396481263049989
Anomaly_3b1Zby.jpg,0,Normal,0.6226693089304886
Anomaly_3BgZlF.jpg,0,Normal,0.6067146368661558
Anomaly_3Jtla0.jpg,1,Anomaly,0.674130437515755
Anomaly_3Jw10S.jpg,1,Anomaly,0.6657935751478046
Anomaly_3mpklK.jpg,1,Anomaly,0.6444611230841039
Anomaly_3nK52a.jpg,1,Anomaly,0.7094790747604769
Anomaly_3nqgls.jpg,1,Anomaly,0.6654613864501127
Anomaly_3nUW2r.jpg,1,Anomaly,0.6649876758180255
Anomaly_3sw2k2.jpg,1,Anomaly,0.5470672236739044
Anomaly_3U1LLi.jpg,1,Anomaly,0.6391975198912765
Anomaly_3vSw2u.jpg,1,Anomaly,0.6606692733915293
Anomaly_3w4o9Z.jpg,1,Anomaly,0.6399427060723203
Anomaly_3xTiYD.jpg,1,Anomaly,0.7265639383326721
Anomaly_3zZ95U.jpg,1,Anomaly,0.7248322448325408
Anomaly_42svN0.jpg,1,Anomaly,0.6814809000671036
Anomaly_44EVLB.jpg,1,Anomaly,0.7276024317976462
Anomaly_46yHRW.jpg,0,Normal,0.6049848815837835
Anomaly_4CeNHc.jpg,1,Anomaly,0.6498649083790273
Anomaly_4HqIlM.jpg,1,Anomaly,0.7076133270158351
Anomaly_4i1dAI.jpg,1,Anomaly,0.6441884302818648
Anomaly_4JrmOu.jpg,1,Anomaly,0.6648630502230317
Anomaly_4MFWCC.jpg,1,Anomaly,0.7260241172676052
Anomaly_4MJCLv.jpg,1,Anomaly,0.7253699003354424
Anomaly_4SgIEK.jpg,1,Anomaly,0.6697498422942574
Anomaly_4VRAe8.jpg,0,Normal,0.6034326624884874
Anomaly_4w8aQv.jpg,1,Anomaly,0.7329285752490109
Anomaly_4wL1j5.jpg,1,Anomaly,0.7166593413034892
Anomaly_4YstWC.jpg,1,Anomaly,0.6344065846671787
Anomaly_5Ej3xE.jpg,1,Anomaly,0.6464066656893557
Anomaly_5eprAW.jpg,1,Anomaly,0.7294003662357498
Anomaly_5EQHSQ.jpg,1,Anomaly,0.7093050570221725
Anomaly_5gjYOn.jpg,1,Anomaly,0.6385857987372908
Anomaly_5jvIZB.jpg,1,Anomaly,0.7273471357287635
Anomaly_5KmJyx.jpg,1,Anomaly,0.6439281960156328
Anomaly_5L3v7G.jpg,1,Anomaly,0.7096180083628181
Anomaly_5NDZ2H.jpg,0,Normal,0.6862180138964538
Anomaly_5njDpx.jpg,1,Anomaly,0.7209884629758226
Anomaly_5otnks.jpg,0,Normal,0.6193311702259345
Anomaly_5WYMFq.jpg,1,Anomaly,0.6622809112798564
Anomaly_5ybGFR.jpg,1,Anomaly,0.6388367739741787
Anomaly_5ZGdxx.jpg,1,Anomaly,0.7276938988497805
Anomaly_629toO.jpg,1,Anomaly,0.6612129214875387
Anomaly_68BlVM.jpg,0,Normal,0.6267208542837561
Anomaly_6aaSEH.jpg,1,Anomaly,0.6652077718480871
Anomaly_6aHxGp.jpg,1,Anomaly,0.6646453712322129
Anomaly_6eB0jP.jpg,1,Anomaly,0.6395598016914947
Anomaly_6FQ1Vl.jpg,1,Anomaly,0.6558122606421033
Anomaly_6ij1vo.jpg,0,Normal,0.6145857091690818
Anomaly_6IjNwe.jpg,1,Anomaly,0.6898489561682188
Anomaly_6k4od6.jpg,1,Anomaly,0.5464651484919865
Anomaly_6KowwW.jpg,1,Anomaly,0.7081104142672128
Anomaly_6kqvN6.jpg,1,Anomaly,0.6643139010100318
Anomaly_6LHgtC.jpg,1,Anomaly,0.624111274035105
Anomaly_6VasQI.jpg,1,Anomaly,0.6454758856147442
Anomaly_74OfsM.jpg,1,Anomaly,0.7409877952161767
Anomaly_7549Ar.jpg,1,Anomaly,0.7194472477075853
Anomaly_79uued.jpg,1,Anomaly,0.7253037165796983
Anomaly_7aSYdA.jpg,1,Anomaly,0.725637659739999
Anomaly_7BPxOc.jpg,1,Anomaly,0.5479585616059215
Anomaly_7Cc9xc.jpg,1,Anomaly,0.7216190132156088
Anomaly_7Clzf9.jpg,1,Anomaly,0.7199570574543768
Anomaly_7cq7Wa.jpg,1,Anomaly,0.5463944242130736
Anomaly_7gLZJB.jpg,1,Anomaly,0.7166226008774942
Anomaly_7hQ3UT.jpg,1,Anomaly,0.7199082572490902
Anomaly_7IwWu8.jpg,1,Anomaly,0.6263535918990214
Anomaly_7msC4w.jpg,1,Anomaly,0.6851298982705404
Anomaly_7oSwkR.jpg,1,Anomaly,0.706773997558531
Anomaly_7Qkbox.jpg,1,Anomaly,0.6637584787113431
Anomaly_7SkcHa.jpg,1,Anomaly,0.7253818938115062
Anomaly_7vIwbo.jpg,1,Anomaly,0.639239815170936
Anomaly_7VUbwn.jpg,1,Anomaly,0.6568799676433471
Anomaly_82IKbO.jpg,1,Anomaly,0.6321276908750393
Anomaly_84xCjT.jpg,1,Anomaly,0.6506847749006321
Anomaly_85i75I.jpg,1,Anomaly,0.6393416866313906
Anomaly_8ainBF.jpg,0,Normal,0.8048133967603037
Anomaly_8GBhhs.jpg,1,Anomaly,0.68622006334507
Anomaly_8iRE8H.jpg,1,Anomaly,0.7058986299818977
Anomaly_8PfGjD.jpg,1,Anomaly,0.7232235033126811
Anomaly_8RHP2R.jpg,1,Anomaly,0.7302141868547589
Anomaly_8Xd5ak.jpg,1,Anomaly,0.6970910659460874
Anomaly_8yXg76.jpg,1,Anomaly,0.670617847891342
Anomaly_928UPP.jpg,0,Normal,0.6025472527536091
Anomaly_991mXb.jpg,1,Anomaly,0.6294597956274072
Anomaly_9aQ4T6.jpg,1,Anomaly,0.6462704869369864
Anomaly_9CoPl6.jpg,1,Anomaly,0.6641491299677513
Anomaly_9eimTw.jpg,1,Anomaly,0.6533206056868774
Anomaly_9fDC1H.jpg,0,Normal,0.625034320937164
Anomaly_9iYAUB.jpg,1,Anomaly,0.6459533262208494
Anomaly_9K7GZn.jpg,1,Anomaly,0.6184962159110161
Anomaly_9nNBA0.jpg,1,Anomaly,0.6746495148157103
Anomaly_9UaciN.jpg,1,Anomaly,0.6625305694519841
Anomaly_9VSygH.jpg,0,Normal,0.8031350463429449
Anomaly_9W9iF5.jpg,0,Normal,0.7999953419514144
Anomaly_9x6tSm.jpg,1,Anomaly,0.7103473248653664
Anomaly_9xJVYB.jpg,1,Anomaly,0.6646257077910074
Anomaly_9zQOGw.jpg,0,Normal,0.6250562459613869
Anomaly_a2rAi3.jpg,1,Anomaly,0.7244817832883137
Anomaly_A5kvaQ.jpg,1,Anomaly,0.7244194852078478
Anomaly_a5xP2f.jpg,1,Anomaly,0.7202618090390289
Anomaly_a7kjfq.jpg,1,Anomaly,0.7072495089317986
Anomaly_aAqb20.jpg,1,Anomaly,0.6372517513276168
Anomaly_aC1ho1.jpg,1,Anomaly,0.7286029026489353
Anomaly_AceIaQ.jpg,1,Anomaly,0.6271428217108651
Anomaly_ACi1R9.jpg,1,Anomaly,0.7053903267019279
Anomaly_AcwcnA.jpg,0,Normal,0.8008003680022455
Anomaly_AdNsQF.jpg,1,Anomaly,0.7273849420562395
Anomaly_aEA6Pc.jpg,1,Anomaly,0.7260365208778796
Anomaly_AeHijR.jpg,1,Anomaly,0.6439107131312356
Anomaly_af4rki.jpg,1,Anomaly,0.7119803953321093
Anomaly_aGJwvs.jpg,1,Anomaly,0.6623737695383195
Anomaly_aHMWBA.jpg,1,Anomaly,0.6902565752023844
Anomaly_AHtGtZ.jpg,1,Anomaly,0.7159345449346444
Anomaly_AHwNkf.jpg,1,Anomaly,0.6385836346437004
Anomaly_aimTG3.jpg,1,Anomaly,0.6631226427947148
Anomaly_aj3vsQ.jpg,1,Anomaly,0.6609445576193802
Anomaly_AKapXq.jpg,0,Normal,0.622225131194333
Anomaly_alAcaO.jpg,1,Anomaly,0.6356633915023098
Anomaly_ALUJ5o.jpg,1,Anomaly,0.6403341808279981
Anomaly_AMIN32.jpg,0,Normal,0.8024544551137938
Anomaly_aNHsmS.jpg,1,Anomaly,0.7033716379695879
Anomaly_AnoSSI.jpg,1,Anomaly,0.7235241594151619
Anomaly_AnXAiK.jpg,1,Anomaly,0.6668857637841122
Anomaly_AOEldc.jpg,1,Anomaly,0.6403409244144787
Anomaly_AoMHOB.jpg,1,Anomaly,0.6246207668433099
Anomaly_APL0Wn.jpg,1,Anomaly,0.6708049997466312
Anomaly_aqllKA.jpg,1,Anomaly,0.7176774445554376
Anomaly_aqVaXr.jpg,0,Normal,0.6084817885207336
Anomaly_ar6Hqp.jpg,1,Anomaly,0.6632038663624826
Anomaly_aRQ6a5.jpg,1,Anomaly,0.6619467498341318
Anomaly_ASDFdC.jpg,1,Anomaly,0.6887842980091519
Anomaly_AUHyly.jpg,1,Anomaly,0.7198802618884101
Anomaly_AuwU5Q.jpg,1,Anomaly,0.6351670584706823
Anomaly_AvrWV2.jpg,1,Anomaly,0.7076962183190483
Anomaly_aWXEBG.jpg,1,Anomaly,0.6637605886651317
Anomaly_AxWlu9.jpg,1,Anomaly,0.6656226705875002
Anomaly_AY7QyG.jpg,1,Anomaly,0.6641302164258628
Anomaly_AZIryn.jpg,1,Anomaly,0.658026122907376
Anomaly_B02ebT.jpg,1,Anomaly,0.6390935015353111
Anomaly_b03CAb.jpg,0,Normal,0.6179824829202856
Anomaly_b32YVe.jpg,0,Normal,0.6038529268201434
Anomaly_B4I9z8.jpg,1,Anomaly,0.6773202977239059
Anomaly_b4X0XD.jpg,1,Anomaly,0.6432475190171258
Anomaly_b5RUWt.jpg,1,Anomaly,0.6395477278343797
Anomaly_Ba9BGq.jpg,1,Anomaly,0.7125143759090552
Anomaly_BbQgVo.jpg,1,Anomaly,0.7117315347183393
Anomaly_BDYDfn.jpg,1,Anomaly,0.6436654457418545
Anomaly_beAUyu.jpg,0,Normal,0.7849083785688332
Anomaly_BenDhq.jpg,1,Anomaly,0.6646777756915843
Anomaly_bFU6bw.jpg,1,Anomaly,0.6648979898517059
Anomaly_BJAN21.jpg,1,Anomaly,0.6373876045824274
Anomaly_BjrEfB.jpg,1,Anomaly,0.6830417628108414
Anomaly_bKRJVs.jpg,1,Anomaly,0.6810852336128703
Anomaly_BkT12v.jpg,1,Anomaly,0.7212280114204217
Anomaly_blS1o8.jpg,0,Normal,0.6829991590505484
Anomaly_bmjcoP.jpg,1,Anomaly,0.6631881727252407
Anomaly_BMor59.jpg,1,Anomaly,0.6606813601422499
Anomaly_bMTtZE.jpg,1,Anomaly,0.7178385973340808
Anomaly_bngzip.jpg,1,Anomaly,0.6523286950311684
Anomaly_boHnwe.jpg,1,Anomaly,0.6881591974038391
Anomaly_bp6qQP.jpg,1,Anomaly,0.6654797863507829
Anomaly_Bpudxe.jpg,1,Anomaly,0.6696198655259705
Anomaly_BpyPcO.jpg,1,Anomaly,0.5469991350874024
Anomaly_brOGoK.jpg,1,Anomaly,0.7202827727042795
Anomaly_bS5OCz.jpg,1,Anomaly,0.7069381202702489
Anomaly_buq4tN.jpg,1,Anomaly,0.6390450779076747
Anomaly_BWsFHs.jpg,1,Anomaly,0.6225717565997951
Anomaly_BxDNOc.jpg,1,Anomaly,0.6719481688299629
Anomaly_C3ifZK.jpg,0,Normal,0.616748755337899
Anomaly_C5LzW6.jpg,1,Anomaly,0.6627309652118077
Anomaly_c7BD2j.jpg,1,Anomaly,0.6766317487507055
Anomaly_C8lXHr.jpg,1,Anomaly,0.7215365967030198
Anomaly_CAN2OG.jpg,1,Anomaly,0.6698364936521122
Anomaly_ccAsvt.jpg,0,Normal,0.8026722652763822
Anomaly_CDCXQN.jpg,1,Anomaly,0.5477267761313622
Anomaly_CFbb39.jpg,0,Normal,0.6210680769665158
Anomaly_CFkG6O.jpg,1,Anomaly,0.7211319641897402
Anomaly_cfwS3s.jpg,0,Normal,0.6014146167905501
Anomaly_CGXd1G.jpg,1,Anomaly,0.6861784227263233
Anomaly_Ch3nzc.jpg,1,Anomaly,0.7068629609326763
Anomaly_Ci50uD.jpg,1,Anomaly,0.6774784566546974
Anomaly_cKJGER.jpg,1,Anomaly,0.5471727145520467
Anomaly_ClI8e5.jpg,1,Anomaly,0.7166189180024083
Anomaly_CmriAZ.jpg,1,Anomaly,0.662004123299484
Anomaly_coKzjN.jpg,1,Anomaly,0.7215883000071938
Anomaly_CqcZKR.jpg,1,Anomaly,0.5457629604377692
Anomaly_cqwnXj.jpg,1,Anomaly,0.6615478289883686
Anomaly_crLxSn.jpg,1,Anomaly,0.662882824865873
Anomaly_CrZ5dA.jpg,1,Anomaly,0.6912285624592771
Anomaly_cTKP01.jpg,1,Anomaly,0.6543484071568566
Anomaly_CvhUjg.jpg,1,Anomaly,0.6458773523097505
Anomaly_cwTtdD.jpg,1,Anomaly,0.6691729427371551
Anomaly_CyTM64.jpg,1,Anomaly,0.6977738174228882
Anomaly_czp6rl.jpg,1,Anomaly,0.6714398890692643
Anomaly_CZqb6G.jpg,1,Anomaly,0.6542768291800378
Anomaly_d0jDSC.jpg,1,Anomaly,0.682471607874081
Anomaly_D0OchC.jpg,1,Anomaly,0.6393042523413186
Anomaly_d2SUCG.jpg,1,Anomaly,0.6451432319812203
Anomaly_d6O33x.jpg,1,Anomaly,0.7251764357680144
Anomaly_d7P0ZB.jpg,0,Normal,0.6270461148129014
Anomaly_D90LPh.jpg,1,Anomaly,0.7213678584275172
Anomaly_d9FvQU.jpg,1,Anomaly,0.6684571752852121
Anomaly_DaN0kP.jpg,1,Anomaly,0.5472032107724802
Anomaly_DBgiN6.jpg,1,Anomaly,0.6392553612170633
Anomaly_Dbj4s5.jpg,1,Anomaly,0.6618349901450697
Anomaly_DbOngB.jpg,0,Normal,0.6031288745083112
Anomaly_DcxeR6.jpg,1,Anomaly,0.6623126521105897
Anomaly_DDK7Vm.jpg,1,Anomaly,0.7070644931129584
Anomaly_DdMaav.jpg,1,Anomaly,0.6386370791567912
Anomaly_dDXTyE.jpg,1,Anomaly,0.6376686322497478
Anomaly_dH1h55.jpg,0,Normal,0.6189101285516654
Anomaly_DhAD6Z.jpg,1,Anomaly,0.6219262239194622
Anomaly_dhCnPQ.jpg,1,Anomaly,0.7217113716095662
Anomaly_dHdUBF.jpg,1,Anomaly,0.6587637811548102
Anomaly_dhMQyl.jpg,1,Anomaly,0.6676514377266765
Anomaly_dhUKQ3.jpg,1,Anomaly,0.6650008066106422
Anomaly_dId9VC.jpg,1,Anomaly,0.6607879923352078
Anomaly_diDT2v.jpg,1,Anomaly,0.6426543119307597
Anomaly_dJ8Hpk.jpg,1,Anomaly,0.6437047379382549
Anomaly_dJXGXl.jpg,1,Anomaly,0.6610221849741375
Anomaly_DKhOTH.jpg,1,Anomaly,0.7169101255501648
Anomaly_dkWfzd.jpg,1,Anomaly,0.6665214657917716
Anomaly_DmLNQJ.jpg,1,Anomaly,0.7245539621130692
Anomaly_Dn9vdY.jpg,1,Anomaly,0.7248042295756574
Anomaly_DNgegO.jpg,1,Anomaly,0.667796523568707
Anomaly_doiKW5.jpg,1,Anomaly,0.72251954755873
Anomaly_doVEcz.jpg,1,Anomaly,0.729987412382132
Anomaly_dpRPM3.jpg,1,Anomaly,0.6691421088066596
Anomaly_DQNCGA.jpg,1,Anomaly,0.6592206793961009
Anomaly_DRyolU.jpg,1,Anomaly,0.6398018823208269
Anomaly_dTKXFd.jpg,1,Anomaly,0.6920290062927978
Anomaly_duOQLb.jpg,1,Anomaly,0.7268689590627875
Anomaly_DZNhY2.jpg,0,Normal,0.608963928698403
Anomaly_E2WXYB.jpg,1,Anomaly,0.7253234184226038
Anomaly_E5rNaT.jpg,1,Anomaly,0.6722140769672853
Anomaly_EbuXPg.jpg,1,Anomaly,0.7296514285180008
Anomaly_EdMkUI.jpg,1,Anomaly,0.6648756508918062
Anomaly_EemI3M.jpg,0,Normal,0.602392341162988
Anomaly_EepoUP.jpg,0,Normal,0.6034420858747757
Anomaly_EEzMBV.jpg,0,Normal,0.8028619938045163
Anomaly_eFdtBV.jpg,1,Anomaly,0.710692771539498
Anomaly_ehaTrN.jpg,1,Anomaly,0.7173918301056612
Anomaly_EiJsbS.jpg,1,Anomaly,0.7063594300118576
Anomaly_Eil3bd.jpg,1,Anomaly,0.720816409906055
Anomaly_eiPdb9.jpg,0,Normal,0.8031644326818911
Anomaly_eIQuoi.jpg,1,Anomaly,0.6701166706101247
Anomaly_eIYSZP.jpg,1,Anomaly,0.6947269157826308
Anomaly_ELb43f.jpg,0,Normal,0.8035443120306416
Anomaly_ELL14F.jpg,0,Normal,0.6284171261724327
Anomaly_emJ5Cr.jpg,0,Normal,0.8027197710430203
Anomaly_enniN3.jpg,0,Normal,0.6038964135253725
Anomaly_eNzFVN.jpg,1,Anomaly,0.6398053684315925
Anomaly_eo1i01.jpg,1,Anomaly,0.5465862396459351
Anomaly_Eo28eI.jpg,1,Anomaly,0.7178071420887175
Anomaly_EodJCV.jpg,1,Anomaly,0.6650993891113788
Anomaly_EoJEif.jpg,1,Anomaly,0.6659382455015173
Anomaly_EpW1Hz.jpg,1,Anomaly,0.6637438595688309
Anomaly_eQnfcU.jpg,1,Anomaly,0.6438238924569135
Anomaly_ERCv8i.jpg,1,Anomaly,0.6608418231129172
Anomaly_Et3TLx.jpg,1,Anomaly,0.7112848042541842
Anomaly_eU2nWn.jpg,0,Normal,0.6016540295573931
Anomaly_euBnlw.jpg,0,Normal,0.8029733594824775
Anomaly_eW2Xgg.jpg,1,Anomaly,0.6407784996409973
Anomaly_EWQVmC.jpg,1,Anomaly,0.7241540722463804
Anomaly_EY7cJD.jpg,1,Anomaly,0.7312191354267613
Anomaly_EY9sFj.jpg,1,Anomaly,0.5475460466771511
Anomaly_eyLiiM.jpg,1,Anomaly,0.6744431209506518
Anomaly_f4TkUW.jpg,1,Anomaly,0.6659745595982924
Anomaly_F5aqqJ.jpg,1,Anomaly,0.6392260962907119
Anomaly_F8pRF8.jpg,1,Anomaly,0.6632146079949071
Anomaly_fA2VBx.jpg,1,Anomaly,0.6929007332501964
Anomaly_faMRnA.jpg,1,Anomaly,0.640926457232675
Anomaly_fB6x4p.jpg,1,Anomaly,0.6674599376497082
Anomaly_fcOyhg.jpg,1,Anomaly,0.7203851706143023
Anomaly_fCt1TU.jpg,1,Anomaly,0.6611939806855315
Anomaly_FDjs0m.jpg,1,Anomaly,0.6631106132073699
Anomaly_Fg7kGU.jpg,1,Anomaly,0.711752423574346
Anomaly_FGYQVK.jpg,1,Anomaly,0.6470370514641489
Anomaly_Fh5hff.jpg,0,Normal,0.6912587521080091
Anomaly_fidpeH.jpg,1,Anomaly,0.7378463086896321
Anomaly_FIJf95.jpg,1,Anomaly,0.6634148670012121
Anomaly_fKa4LR.jpg,1,Anomaly,0.7070269854589039
Anomaly_fKJfQ4.jpg,1,Anomaly,0.6555681103524175
Anomaly_FKnusa.jpg,0,Normal,0.8006630323412616
Anomaly_fnHI1t.jpg,1,Anomaly,0.6591079884502288
Anomaly_FOCx3H.jpg,1,Anomaly,0.6586513251382256
Anomaly_FOHYIl.jpg,1,Anomaly,0.7222162054114103
Anomaly_fpnTq0.jpg,1,Anomaly,0.6511205455976175
Anomaly_fqDIGW.jpg,0,Normal,0.617641995174676
Anomaly_Frrric.jpg,1,Anomaly,0.6698086023328258
Anomaly_fURmFU.jpg,1,Anomaly,0.5474754820054752
Anomaly_fvGIL3.jpg,1,Anomaly,0.5469557688053344
Anomaly_fWDQHL.jpg,1,Anomaly,0.6655761449607378
Anomaly_FxuimG.jpg,1,Anomaly,0.5472761988160122
Anomaly_fz7Dcn.jpg,1,Anomaly,0.7110682037428999
Anomaly_FzLjFK.jpg,1,Anomaly,0.7266797892726631
Anomaly_fZrxpZ.jpg,1,Anomaly,0.7232885154533963
Anomaly_G3WAxo.jpg,1,Anomaly,0.6711834393078574
Anomaly_g9BF5n.jpg,1,Anomaly,0.7262460725313906
Anomaly_GARobI.jpg,1,Anomaly,0.5476346418409364
Anomaly_GBJQOp.jpg,1,Anomaly,0.6227507143861799
Anomaly_gbSgoH.jpg,1,Anomaly,0.6794167828442449
Anomaly_gclkuT.jpg,1,Anomaly,0.6833314928716616
Anomaly_gEGtKE.jpg,1,Anomaly,0.7308076960188918
Anomaly_GEGUIZ.jpg,0,Normal,0.8015847154203917
Anomaly_GEMcx6.jpg,0,Normal,0.6088056199294642
Anomaly_GGJ7NF.jpg,1,Anomaly,0.7225996061973052
Anomaly_gHBGNa.jpg,1,Anomaly,0.7177412443684137
Anomaly_ghP9S5.jpg,1,Anomaly,0.6642067676740661
Anomaly_GjG79w.jpg,1,Anomaly,0.6598840502198083
Anomaly_gJvVf1.jpg,1,Anomaly,0.7254031342206074
Anomaly_GK4Jg4.jpg,1,Anomaly,0.7206974102339341
Anomaly_GLZxcB.jpg,1,Anomaly,0.7250875558206642
Anomaly_GnfvPA.jpg,1,Anomaly,0.6632292391657792
Anomaly_GngcwE.jpg,1,Anomaly,0.7219110236408666
Anomaly_Go0FOS.jpg,0,Normal,0.6106175272235601
Anomaly_gPmCCO.jpg,1,Anomaly,0.7210866103843483
Anomaly_gq7N3n.jpg,1,Anomaly,0.7330106524247592
Anomaly_GQ9VI0.jpg,1,Anomaly,0.7175106849311408
Anomaly_GQiqvl.jpg,1,Anomaly,0.6400655140824585
Anomaly_GSLGpU.jpg,1,Anomaly,0.6633504171062661
Anomaly_gSMVea.jpg,1,Anomaly,0.6483332466031746
Anomaly_GsVmJh.jpg,1,Anomaly,0.7064369930500949
Anomaly_gtaVZz.jpg,1,Anomaly,0.6904761932947429
Anomaly_gu1AHl.jpg,1,Anomaly,0.7125610054165362
Anomaly_gU1iCx.jpg,1,Anomaly,0.7279123480564567
Anomaly_Gup5aF.jpg,1,Anomaly,0.6653495776635132
Anomaly_gx0eUt.jpg,1,Anomaly,0.7030331959976917
Anomaly_gx3ve5.jpg,1,Anomaly,0.7238147135036399
Anomaly_gXnwO1.jpg,1,Anomaly,0.6386032610158997
Anomaly_GXxGIf.jpg,0,Normal,0.6058054655019574
Anomaly_GzFSs9.jpg,1,Anomaly,0.7241901858067615
Anomaly_GZU9j5.jpg,1,Anomaly,0.6698933984066979
Anomaly_H2IhtC.jpg,1,Anomaly,0.722044717448067
Anomaly_H3kQPS.jpg,1,Anomaly,0.7102097929991726
Anomaly_H5aWq6.jpg,1,Anomaly,0.7417348914304543
Anomaly_h5HEZ8.jpg,1,Anomaly,0.5463375853893508
Anomaly_H9RbZ4.jpg,1,Anomaly,0.7258715430844846
Anomaly_HcZ9ef.jpg,1,Anomaly,0.6434630172512013
Anomaly_hd78aO.jpg,1,Anomaly,0.724158104231428
Anomaly_HfPFOE.jpg,1,Anomaly,0.708278584716703
Anomaly_HIp4By.jpg,1,Anomaly,0.6466165755973587
Anomaly_HiqXYW.jpg,1,Anomaly,0.7115327433675427
Anomaly_hjIPae.jpg,1,Anomaly,0.6705949561711797
Anomaly_hLRn5m.jpg,1,Anomaly,0.547784301201127
Anomaly_HLxfe2.jpg,1,Anomaly,0.7244809750641528
Anomaly_hMcxAE.jpg,1,Anomaly,0.6699749688151351
Anomaly_hN8JX5.jpg,1,Anomaly,0.6591100701860133
Anomaly_HNDvCI.jpg,1,Anomaly,0.724190832426052
Anomaly_hovp8c.jpg,1,Anomaly,0.6600433852801195
Anomaly_hRCpgB.jpg,1,Anomaly,0.7204528295769499
Anomaly_HspF86.jpg,1,Anomaly,0.6639029526937615
Anomaly_hTkukb.jpg,1,Anomaly,0.6701560899525043
Anomaly_HURcql.jpg,1,Anomaly,0.6449556945779737
Anomaly_Hv2Pzx.jpg,1,Anomaly,0.7151918966800563
Anomaly_HV6ilw.jpg,1,Anomaly,0.7301143578232238
Anomaly_HYLZCn.jpg,0,Normal,0.6292616902430329
Anomaly_Hz5l57.jpg,1,Anomaly,0.6394796112827371
Anomaly_I13GUh.jpg,0,Normal,0.6216918431540397
Anomaly_i1hNCC.jpg,1,Anomaly,0.7172149788450184
Anomaly_i5z6oS.jpg,1,Anomaly,0.642777103752874
Anomaly_I6flhe.jpg,1,Anomaly,0.6722302516037397
Anomaly_iB3aBp.jpg,1,Anomaly,0.7164705426384388
Anomaly_iBm5ey.jpg,0,Normal,0.6052200618173045
Anomaly_IC8zqQ.jpg,1,Anomaly,0.7359501792923724
Anomaly_iEWsV0.jpg,1,Anomaly,0.640361620449923
Anomaly_IJNhFw.jpg,1,Anomaly,0.6546973694904757
Anomaly_iKFStN.jpg,1,Anomaly,0.6634082800962439
Anomaly_ImZoxR.jpg,1,Anomaly,0.7402376855960662
Anomaly_iP4KVC.jpg,1,Anomaly,0.6617869087335144
Anomaly_iPmqhX.jpg,1,Anomaly,0.669746734296385
Anomaly_iPr0lE.jpg,1,Anomaly,0.6681192001279725
Anomaly_IqVJz2.jpg,1,Anomaly,0.6405742302231392
Anomaly_IQwgaJ.jpg,1,Anomaly,0.6827658864182077
Anomaly_IRMZN2.jpg,0,Normal,0.6035501316552072
Anomaly_ittbwi.jpg,0,Normal,0.6257659869143402
Anomaly_iu1RQu.jpg,1,Anomaly,0.6657599734589275
Anomaly_IwSfP8.jpg,0,Normal,0.6149241043490907
Anomaly_iWVKev.jpg,0,Normal,0.6023588811608047
Anomaly_iXEzRq.jpg,1,Anomaly,0.7265157519888461
Anomaly_IXO9g7.jpg,1,Anomaly,0.6280909336091784
Anomaly_IymBDt.jpg,1,Anomaly,0.6649038923339469
Anomaly_IyVnoB.jpg,1,Anomaly,0.6628722976684369
Anomaly_j31C0P.jpg,1,Anomaly,0.6642202906880468
Anomaly_J8bct1.jpg,1,Anomaly,0.701078220731306
Anomaly_JawWB7.jpg,0,Normal,0.6035113965647335
Anomaly_jB2zpc.jpg,1,Anomaly,0.6469128612711531
Anomaly_JdKPjF.jpg,1,Anomaly,0.5467229897707259
Anomaly_JeE1PG.jpg,0,Normal,0.6186963080631589
Anomaly_jgJh35.jpg,1,Anomaly,0.6405495088321467
Anomaly_jIc553.jpg,1,Anomaly,0.6396132387790954
Anomaly_jj1lCM.jpg,1,Anomaly,0.6790710526314793
Anomaly_Jl7wVx.jpg,1,Anomaly,0.7339829689677555
Anomaly_jmJOkc.jpg,1,Anomaly,0.6330335642879779
Anomaly_JmNZtL.jpg,0,Normal,0.6019849487186479
Anomaly_jMYdsg.jpg,1,Anomaly,0.6752344098768592
Anomaly_jPgJEy.jpg,1,Anomaly,0.664189172825226
Anomaly_JPRQxQ.jpg,1,Anomaly,0.5471549949614108
Anomaly_JpWn9L.jpg,1,Anomaly,0.6712964398508419
Anomaly_JQIUCJ.jpg,0,Normal,0.803377762768554
Anomaly_JrWKTa.jpg,1,Anomaly,0.7167378000832194
Anomaly_JrxmRL.jpg,1,Anomaly,0.7279207991291836
Anomaly_JSkee4.jpg,1,Anomaly,0.7048978672914028
Anomaly_jtj5dS.jpg,1,Anomaly,0.6395722924912228
Anomaly_JvYoLN.jpg,1,Anomaly,0.5466825710178308
Anomaly_jWalv3.jpg,1,Anomaly,0.7251625040804738
Anomaly_jWB8YJ.jpg,0,Normal,0.6034065830122886
Anomaly_JWHR8q.jpg,1,Anomaly,0.6637253159405054
Anomaly_JXKcM1.jpg,1,Anomaly,0.6686398764223234
Anomaly_JXz8Ht.jpg,1,Anomaly,0.6395205139536682
Anomaly_jYONLV.jpg,1,Anomaly,0.6453737701531077
Anomaly_jZKpQv.jpg,1,Anomaly,0.7180966716841144
Anomaly_jZoyi2.jpg,1,Anomaly,0.6691059573120904
Anomaly_JZzAun.jpg,1,Anomaly,0.740060405974412
Anomaly_k4uyDw.jpg,1,Anomaly,0.5470254037140658
Anomaly_K9SV5Q.jpg,1,Anomaly,0.6697916944203239
Anomaly_K9xa3k.jpg,1,Anomaly,0.7055183745104152
Anomaly_kacCqF.jpg,1,Anomaly,0.659958425577737
Anomaly_kbldNC.jpg,1,Anomaly,0.6693523256597119
Anomaly_kciw2L.jpg,1,Anomaly,0.6548223167534326
Anomaly_kg0UaN.jpg,1,Anomaly,0.6401367873504946
Anomaly_kH8EhT.jpg,1,Anomaly,0.6414564883316554
Anomaly_KhlZRV.jpg,1,Anomaly,0.6702926724227007
Anomaly_kHXaQ9.jpg,1,Anomaly,0.7327770994690933
Anomaly_kjW08K.jpg,0,Normal,0.6192020778427518
Anomaly_KknkTj.jpg,1,Anomaly,0.6781735788217107
Anomaly_KLvdz4.jpg,1,Anomaly,0.6744025060555859
Anomaly_kmdxhX.jpg,1,Anomaly,0.6694381604652878
Anomaly_KphoM7.jpg,1,Anomaly,0.6315668279952977
Anomaly_KPOqLq.jpg,1,Anomaly,0.6491841436251871
Anomaly_KPpUlp.jpg,1,Anomaly,0.6641166074093054
Anomaly_KQwuyR.jpg,1,Anomaly,0.6627113490170418
Anomaly_ktBJU5.jpg,0,Normal,0.6850342270555914
Anomaly_KTvpAn.jpg,1,Anomaly,0.7305315495770716
Anomaly_kUdPsd.jpg,0,Normal,0.613657236801165
Anomaly_KV4ZaW.jpg,1,Anomaly,0.7072204594020223
Anomaly_kwcGdl.jpg,0,Normal,0.6871415298354766
Anomaly_Kx1niA.jpg,0,Normal,0.6071652807260098
Anomaly_kyNlm2.jpg,1,Anomaly,0.7091057152890318
Anomaly_KzaONv.jpg,1,Anomaly,0.7211224518150114
Anomaly_L1AcYE.jpg,1,Anomaly,0.7114153130904097
Anomaly_l3X6a5.jpg,1,Anomaly,0.630059317829623
Anomaly_l8uygq.jpg,1,Anomaly,0.7016380385259986
Anomaly_L97Whm.jpg,1,Anomaly,0.664851015295459
Anomaly_l9RxBL.jpg,1,Anomaly,0.6608535093764855
Anomaly_lauzs1.jpg,1,Anomaly,0.6638184217026712
Anomaly_Lavo8F.jpg,1,Anomaly,0.6616631810436062
Anomaly_lCiCeV.jpg,0,Normal,0.7997008514693367
Anomaly_LCliUH.jpg,1,Anomaly,0.6506948157863807
Anomaly_lEeGwv.jpg,1,Anomaly,0.6299490935493595
Anomaly_lFM28T.jpg,1,Anomaly,0.6707718073068507
Anomaly_LfQmR3.jpg,1,Anomaly,0.6401373995121179
Anomaly_LGfI4A.jpg,1,Anomaly,0.5471740090350901
Anomaly_lgHYwt.jpg,1,Anomaly,0.7056296209784436
Anomaly_lGTVIJ.jpg,1,Anomaly,0.7060560397475181
Anomaly_lhfwin.jpg,1,Anomaly,0.7235675715597542
Anomaly_lkcHQr.jpg,1,Anomaly,0.66512206246339
Anomaly_lkMcvP.jpg,0,Normal,0.6030932906273272
Anomaly_lKPOlw.jpg,1,Anomaly,0.6181264194670453
Anomaly_lL0MlF.jpg,0,Normal,0.6128397245770715
Anomaly_Lm5SBs.jpg,1,Anomaly,0.7248440533914631
Anomaly_lob627.jpg,1,Anomaly,0.7158711826012563
Anomaly_LPd8ju.jpg,1,Anomaly,0.6636662845753982
Anomaly_lRpQFD.jpg,1,Anomaly,0.737136909992018
Anomaly_Lrt4Gq.jpg,1,Anomaly,0.7175850005296164
Anomaly_lSL9ze.jpg,1,Anomaly,0.6649945783381974
Anomaly_lUHKHS.jpg,1,Anomaly,0.6613534642179616
Anomaly_LVuxOS.jpg,1,Anomaly,0.6653825819392392
Anomaly_LWcyDL.jpg,1,Anomaly,0.7046174821459346
Anomaly_lx4NAL.jpg,1,Anomaly,0.6396117005650925
Anomaly_lx9F27.jpg,1,Anomaly,0.6453761287333435
Anomaly_ly6Diu.jpg,0,Normal,0.6151391514552977
Anomaly_lyWPJh.jpg,0,Normal,0.8014330726210147
Anomaly_lyX9oh.jpg,1,Anomaly,0.6720880789403532
Anomaly_lzPaxI.jpg,1,Anomaly,0.7086713695682779
Anomaly_LZRm2K.jpg,0,Normal,0.6267583481093617
Anomaly_M0PaOx.jpg,1,Anomaly,0.6984366115801969
Anomaly_M3PxIr.jpg,1,Anomaly,0.723973223238772
Anomaly_M5m9Ur.jpg,1,Anomaly,0.6440130336001664
Anomaly_m6H9Pk.jpg,1,Anomaly,0.6629074835778503
Anomaly_M7BGUw.jpg,1,Anomaly,0.6659007179498684
Anomaly_MBHQku.jpg,0,Normal,0.8050528704516817
Anomaly_mcWC7M.jpg,0,Normal,0.6173685219547349
Anomaly_MCzN4Y.jpg,1,Anomaly,0.7314897180957833
Anomaly_MEpVML.jpg,1,Anomaly,0.6703451215201106
Anomaly_MFPZzE.jpg,1,Anomaly,0.6622143135640525
Anomaly_mFW51H.jpg,1,Anomaly,0.7241402435474358
Anomaly_MGXLCB.jpg,1,Anomaly,0.6457231826979362
Anomaly_mhmjaf.jpg,1,Anomaly,0.708595931074392
Anomaly_MiOPYS.jpg,1,Anomaly,0.6713172331990637
Anomaly_mjCBrS.jpg,1,Anomaly,0.6390223624547903
Anomaly_MkFuCS.jpg,1,Anomaly,0.7084567348359445
Anomaly_Mkwlb7.jpg,1,Anomaly,0.6435354733430037
Anomaly_MLb5dO.jpg,1,Anomaly,0.6642062636084006
Anomaly_Mm9hnK.jpg,1,Anomaly,0.6540716660277497
Anomaly_MMlqMh.jpg,0,Normal,0.8016484108927531
Anomaly_mMzkqO.jpg,1,Anomaly,0.6300477747939721
Anomaly_Mo5J9m.jpg,1,Anomaly,0.7237635735453269
Anomaly_MPiUn1.jpg,1,Anomaly,0.6898413581594165
Anomaly_mQlxqo.jpg,1,Anomaly,0.7237633958975213
Anomaly_mqN47q.jpg,1,Anomaly,0.728879658425718
Anomaly_MRj8ia.jpg,1,Anomaly,0.6623647722577111
Anomaly_mScGiJ.jpg,1,Anomaly,0.6324672253189747
Anomaly_msuy0m.jpg,1,Anomaly,0.5467512383147353
Anomaly_MsYBtO.jpg,1,Anomaly,0.6743858354589866
Anomaly_MTk3V9.jpg,1,Anomaly,0.6393411698918218
Anomaly_mTPYeZ.jpg,1,Anomaly,0.6765367255281795
Anomaly_Mu9S3y.jpg,1,Anomaly,0.6833457039871784
Anomaly_Mwrh83.jpg,1,Anomaly,0.6608326662552022
Anomaly_MYNTJt.jpg,1,Anomaly,0.679450931124858
Anomaly_mYVwy9.jpg,1,Anomaly,0.6771624834955962
Anomaly_n30oWY.jpg,0,Normal,0.6130381792346303
Anomaly_N3LI76.jpg,1,Anomaly,0.7348384286549157
Anomaly_N5pb65.jpg,1,Anomaly,0.7270730169584183
Anomaly_N6otIV.jpg,1,Anomaly,0.6936645221486579
Anomaly_N7cmo5.jpg,1,Anomaly,0.6431672550511947
Anomaly_n8Ww0y.jpg,1,Anomaly,0.7258009480505305
Anomaly_N9JG8Z.jpg,1,Anomaly,0.6451096694892257
Anomaly_nAA6Qa.jpg,1,Anomaly,0.6580820958327269
Anomaly_NalhFS.jpg,1,Anomaly,0.7196308140759388
Anomaly_nAmzy5.jpg,1,Anomaly,0.6405091527605979
Anomaly_NapnZw.jpg,1,Anomaly,0.6446134060315452
Anomaly_NaqC97.jpg,0,Normal,0.6084707952100559
Anomaly_NBUT4d.jpg,1,Anomaly,0.7166238945984007
Anomaly_nCDeoL.jpg,1,Anomaly,0.712591127203768
Anomaly_nd7IzQ.jpg,1,Anomaly,0.6635885718636824
Anomaly_NEJrEQ.jpg,1,Anomaly,0.6700277078120764
Anomaly_NfJon7.jpg,1,Anomaly,0.6508845019809147
Anomaly_nfWcWH.jpg,1,Anomaly,0.6638602730781193
Anomaly_NfxPx0.jpg,1,Anomaly,0.7199484231101563
Anomaly_nhfPBM.jpg,1,Anomaly,0.664920065211914
Anomaly_njTG3r.jpg,0,Normal,0.6053221429661257
Anomaly_nKPY8d.jpg,1,Anomaly,0.7269916679416666
Anomaly_nNZ87v.jpg,0,Normal,0.6111848645498106
Anomaly_noS531.jpg,1,Anomaly,0.6699069388648791
Anomaly_nq03eB.jpg,1,Anomaly,0.7287744659081097
Anomaly_NrIFrk.jpg,1,Anomaly,0.6644520764532833
Anomaly_NS6MhQ.jpg,1,Anomaly,0.714751587715067
Anomaly_NSqT1S.jpg,1,Anomaly,0.6661257634424855
Anomaly_NTKm47.jpg,1,Anomaly,0.6623668602182775
Anomaly_nUAdUK.jpg,1,Anomaly,0.7272033139661752
Anomaly_NUs4Tl.jpg,1,Anomaly,0.7082135929114044
Anomaly_NVBYsg.jpg,1,Anomaly,0.7213798704353103
Anomaly_nvowpD.jpg,1,Anomaly,0.6627490435489808
Anomaly_nXihhE.jpg,1,Anomaly,0.728379911663282
Anomaly_NzuK0O.jpg,1,Anomaly,0.6627950130376763
Anomaly_O5WFjB.jpg,1,Anomaly,0.6689594840207589
Anomaly_O7FtJ5.jpg,1,Anomaly,0.7172857542054388
Anomaly_O8mqfs.jpg,1,Anomaly,0.7394076550641764
Anomaly_O8vjwt.jpg,1,Anomaly,0.6700343620336904
Anomaly_O94Bar.jpg,1,Anomaly,0.6814490428397012
Anomaly_oBFOSJ.jpg,1,Anomaly,0.661058714121944
Anomaly_oCoyVT.jpg,1,Anomaly,0.7225528605098085
Anomaly_OCVc19.jpg,1,Anomaly,0.6671355551017377
Anomaly_oDrX4H.jpg,0,Normal,0.6233851213657902
Anomaly_oEjgM0.jpg,1,Anomaly,0.5474258086971886
Anomaly_ogusW0.jpg,1,Anomaly,0.7235171670512499
Anomaly_oiZy7r.jpg,1,Anomaly,0.6794162172099649
Anomaly_OlHeCL.jpg,1,Anomaly,0.725953296082801
Anomaly_OM1pdL.jpg,1,Anomaly,0.705488948527256
Anomaly_oM7M7R.jpg,1,Anomaly,0.6679940366759097
Anomaly_oMr2ZP.jpg,1,Anomaly,0.6724425321851963
Anomaly_omtyEt.jpg,0,Normal,0.6061492076511235
Anomaly_onm2xW.jpg,1,Anomaly,0.668475526898807
Anomaly_OOHw77.jpg,1,Anomaly,0.6382600028309977
Anomaly_OOPYAy.jpg,1,Anomaly,0.5466449270971281
Anomaly_ORBLxU.jpg,1,Anomaly,0.7085395199984312
Anomaly_orc2lX.jpg,1,Anomaly,0.7258282118943211
Anomaly_OREDfe.jpg,1,Anomaly,0.7379096836743216
Anomaly_ORP3f4.jpg,1,Anomaly,0.6679631462647111
Anomaly_OSy6Nv.jpg,1,Anomaly,0.6726152798822784
Anomaly_oUUyhl.jpg,1,Anomaly,0.6394443996156818
Anomaly_OvkXx0.jpg,1,Anomaly,0.7062092000871225
Anomaly_OXVKH1.jpg,1,Anomaly,0.6674225710662495
Anomaly_OzvZD7.jpg,1,Anomaly,0.6406421596383122
Anomaly_P29aGL.jpg,1,Anomaly,0.6390906357139454
Anomaly_P6vTMg.jpg,1,Anomaly,0.6627801542747451
Anomaly_p8CZbB.jpg,1,Anomaly,0.6617044337386961
Anomaly_pbJwDg.jpg,0,Normal,0.6250254632059062
Anomaly_PDtdPW.jpg,1,Anomaly,0.72046720256181
Anomaly_PdtZaq.jpg,1,Anomaly,0.6645228190739082
Anomaly_pFYUCi.jpg,1,Anomaly,0.7052185160517145
Anomaly_piHCGx.jpg,1,Anomaly,0.6792078370865888
Anomaly_Pimcxe.jpg,1,Anomaly,0.6882417827738969
Anomaly_PJcuuy.jpg,1,Anomaly,0.6603595947928862
Anomaly_pLAop0.jpg,1,Anomaly,0.5472175870955449
Anomaly_plNT1G.jpg,0,Normal,0.6068921602076227
Anomaly_PO0mSY.jpg,0,Normal,0.6100295601494841
Anomaly_PoA57l.jpg,1,Anomaly,0.664141690373167
Anomaly_ppgI2d.jpg,0,Normal,0.6041454591558375
Anomaly_pRnOCM.jpg,1,Anomaly,0.7332016965310748
Anomaly_PwrTmL.jpg,1,Anomaly,0.6797125473131578
Anomaly_PwV8Zm.jpg,1,Anomaly,0.6434016385261248
Anomaly_pxtduv.jpg,1,Anomaly,0.6933633047331649
Anomaly_q0qFh7.jpg,1,Anomaly,0.6641840312919293
Anomaly_q134B3.jpg,1,Anomaly,0.7055788888323609
Anomaly_Q5PbtC.jpg,1,Anomaly,0.5480800110160484
Anomaly_Q6g9dP.jpg,1,Anomaly,0.6594058190361003
Anomaly_Q6xhkr.jpg,1,Anomaly,0.7231699637222313
Anomaly_q7cR9k.jpg,1,Anomaly,0.7363754721729292
Anomaly_Q7t748.jpg,1,Anomaly,0.7099795794043718
Anomaly_qCLrS6.jpg,1,Anomaly,0.7381447422520645
Anomaly_QCWUqu.jpg,1,Anomaly,0.7123026011602022
Anomaly_qe9JsU.jpg,1,Anomaly,0.6723737062384728
Anomaly_qElKQ6.jpg,1,Anomaly,0.6635385886611189
Anomaly_qeodge.jpg,0,Normal,0.6270692221470895
Anomaly_qeUyie.jpg,1,Anomaly,0.7233555562707645
Anomaly_QGFVOt.jpg,1,Anomaly,0.5468513292313483
Anomaly_qgVkM8.jpg,1,Anomaly,0.7117824865235886
Anomaly_QgvPrG.jpg,1,Anomaly,0.7263120365577715
Anomaly_qGXHGf.jpg,1,Anomaly,0.5470071259771998
Anomaly_qJNTdB.jpg,1,Anomaly,0.6417218841677657
Anomaly_qKSTrL.jpg,1,Anomaly,0.7097621261009058
Anomaly_QkZcyH.jpg,0,Normal,0.6236714088008078
Anomaly_QL3O9T.jpg,1,Anomaly,0.6209093296554773
Anomaly_qLLKck.jpg,1,Anomaly,0.7216827162624306
Anomaly_qLVm6n.jpg,0,Normal,0.6108466258533767
Anomaly_QNdWpi.jpg,1,Anomaly,0.6535345755012587
Anomaly_QNIaPr.jpg,1,Anomaly,0.6673423940083503
Anomaly_qNlrMz.jpg,1,Anomaly,0.7305289204223927
Anomaly_QoZkTO.jpg,1,Anomaly,0.6718686808291499
Anomaly_qpR4iy.jpg,1,Anomaly,0.6795533086089336
Anomaly_QpXH49.jpg,1,Anomaly,0.7136971154067738
Anomaly_QSdQj2.jpg,1,Anomaly,0.6641572238606045
Anomaly_QU608f.jpg,1,Anomaly,0.7310208514135684
Anomaly_QvMLqP.jpg,1,Anomaly,0.7247237605720422
Anomaly_qWSJjy.jpg,1,Anomaly,0.6703191080856434
Anomaly_QwWyyh.jpg,1,Anomaly,0.6647392382668817
Anomaly_qxpPFk.jpg,1,Anomaly,0.6583279462913356
Anomaly_QxWlHZ.jpg,1,Anomaly,0.6437210624028489
Anomaly_qz1tqE.jpg,0,Normal,0.6091579187572753
Anomaly_r3RtoG.jpg,1,Anomaly,0.6440785320268133
Anomaly_r6UW1G.jpg,0,Normal,0.6257968995826668
Anomaly_R8r6iv.jpg,1,Anomaly,0.6618951098541745
Anomaly_R9nYOQ.jpg,1,Anomaly,0.6242965621018889
Anomaly_RbK7jd.jpg,1,Anomaly,0.5466429016663812
Anomaly_RbKnzA.jpg,1,Anomaly,0.7134502150915206
Anomaly_rDgSM7.jpg,1,Anomaly,0.7163764495045122
Anomaly_RdzULd.jpg,1,Anomaly,0.6638326983659107
Anomaly_RfcXMd.jpg,1,Anomaly,0.5475283414259837
Anomaly_RFT1t0.jpg,1,Anomaly,0.6399827254974493
Anomaly_rFyljB.jpg,1,Anomaly,0.6805550907282161
Anomaly_rGjARk.jpg,1,Anomaly,0.655231409545755
Anomaly_rH5U9V.jpg,0,Normal,0.6035104619148457
Anomaly_Rh7wsf.jpg,1,Anomaly,0.7255172614502379
Anomaly_rhS4np.jpg,1,Anomaly,0.6395899183767321
Anomaly_Rl5uXT.jpg,1,Anomaly,0.6715625340708028
Anomaly_Rlpmk2.jpg,1,Anomaly,0.6642910443202492
Anomaly_rlym62.jpg,1,Anomaly,0.7048943808758089
Anomaly_rMFGvF.jpg,1,Anomaly,0.6549675028974346
Anomaly_RmjmAj.jpg,1,Anomaly,0.7306101048152432
Anomaly_rmzW3n.jpg,1,Anomaly,0.6628716933500802
Anomaly_RnPU41.jpg,1,Anomaly,0.6378229235286488
Anomaly_ROWE3p.jpg,1,Anomaly,0.7097280994347394
Anomaly_RQrcQn.jpg,1,Anomaly,0.6640718116386041
Anomaly_RsSJLz.jpg,1,Anomaly,0.6770559551266413
Anomaly_RTL5u1.jpg,0,Normal,0.6017226158256687
Anomaly_rtpRuM.jpg,1,Anomaly,0.724645059284277
Anomaly_RTT05y.jpg,0,Normal,0.6000296926529373
Anomaly_RTWScT.jpg,1,Anomaly,0.6683054398021315
Anomaly_rUH5tw.jpg,1,Anomaly,0.727100897052609
Anomaly_Rv9Ww6.jpg,1,Anomaly,0.6785964799819557
Anomaly_RVHHPb.jpg,1,Anomaly,0.6638214387413963
Anomaly_RxuYA9.jpg,1,Anomaly,0.547131999157084
Anomaly_RyZ1GQ.jpg,1,Anomaly,0.6659893363077609
Anomaly_S1L4CA.jpg,1,Anomaly,0.6648428389390695
Anomaly_S2Aomb.jpg,1,Anomaly,0.6193306789104995
Anomaly_S5rX3M.jpg,1,Anomaly,0.6713168123251925
Anomaly_S8s1Z6.jpg,1,Anomaly,0.7224009357924089
Anomaly_sB8phI.jpg,1,Anomaly,0.6959662995121808
Anomaly_sBKHRT.jpg,1,Anomaly,0.7344506788562524
Anomaly_sdAEQt.jpg,1,Anomaly,0.5472318612698226
Anomaly_sdnGoz.jpg,1,Anomaly,0.6696705886805031
Anomaly_SeOrtt.jpg,1,Anomaly,0.6686398503772166
Anomaly_SfXmY2.jpg,1,Anomaly,0.5463698452440683
Anomaly_SgWQ0c.jpg,1,Anomaly,0.7384389983688882
Anomaly_ShOZD2.jpg,1,Anomaly,0.6406068943207999
Anomaly_SkCgIS.jpg,1,Anomaly,0.7258811620173491
Anomaly_sKDt0h.jpg,1,Anomaly,0.6772223338786194
Anomaly_Slof6b.jpg,1,Anomaly,0.6438359847139907
Anomaly_sm493B.jpg,1,Anomaly,0.6294661068268295
Anomaly_sozehM.jpg,1,Anomaly,0.670595414838461
Anomaly_sp0ExP.jpg,1,Anomaly,0.7318271578348604
Anomaly_sPunm4.jpg,0,Normal,0.8011020672983773
Anomaly_SRqnDf.jpg,1,Anomaly,0.665910610985184
Anomaly_sSFruz.jpg,1,Anomaly,0.6579688748206725
Anomaly_SSSdEd.jpg,1,Anomaly,0.7390295927016186
Anomaly_SUdAlf.jpg,1,Anomaly,0.6491155703029536
Anomaly_SUDKIn.jpg,1,Anomaly,0.546422404052699
Anomaly_SVcVqu.jpg,1,Anomaly,0.6345298625781433
Anomaly_swojHR.jpg,1,Anomaly,0.6643881392010943
Anomaly_sXF9Qn.jpg,1,Anomaly,0.663220804159127
Anomaly_SY48w6.jpg,0,Normal,0.6204432832227311
Anomaly_sZEMy2.jpg,1,Anomaly,0.5474886553798439
Anomaly_T0e5K8.jpg,1,Anomaly,0.6625600205021915
Anomaly_t0hBlf.jpg,1,Anomaly,0.6643897875718823
Anomaly_T2IjyJ.jpg,1,Anomaly,0.6650971418769163
Anomaly_T3y1MD.jpg,1,Anomaly,0.6394485612275655
Anomaly_t5aUkr.jpg,1,Anomaly,0.6688144285435474
Anomaly_t9DTpy.jpg,1,Anomaly,0.6626633760891905
Anomaly_TBlVII.jpg,0,Normal,0.6015228713981482
Anomaly_tBRkoS.jpg,1,Anomaly,0.6429235443837766
Anomaly_TbVljh.jpg,1,Anomaly,0.6193609983672574
Anomaly_TD4EOF.jpg,0,Normal,0.7997633705282579
Anomaly_Tf4TtA.jpg,1,Anomaly,0.6404573525750523
Anomaly_tFqgdm.jpg,0,Normal,0.6118614176526531
Anomaly_TGIGjc.jpg,0,Normal,0.6065397775556038
Anomaly_TgZOfh.jpg,1,Anomaly,0.5477317652338539
Anomaly_TjZlzU.jpg,0,Normal,0.6261117631141613
Anomaly_TKAV7X.jpg,1,Anomaly,0.6404371252400397
Anomaly_tKi5xw.jpg,1,Anomaly,0.5466321394435145
Anomaly_tKtsgT.jpg,1,Anomaly,0.6791443414621468
Anomaly_TlXSvb.jpg,0,Normal,0.801085634523042
Anomaly_TMnC0z.jpg,0,Normal,0.6236590682237932
Anomaly_Tnm8Ie.jpg,1,Anomaly,0.722945495416107
Anomaly_ToqdAV.jpg,0,Normal,0.6230503932856464
Anomaly_Tp58Fo.jpg,1,Anomaly,0.6637289140920926
Anomaly_TpHTkD.jpg,1,Anomaly,0.6440067761931672
Anomaly_tqGuRj.jpg,1,Anomaly,0.6763248039833063
Anomaly_tRAYuk.jpg,1,Anomaly,0.6645603510836464
Anomaly_TSOmfT.jpg,1,Anomaly,0.6655802182621188
Anomaly_TtFSYv.jpg,0,Normal,0.603021739125884
Anomaly_TTN4oJ.jpg,1,Anomaly,0.7274456917760878
Anomaly_TUrH7E.jpg,1,Anomaly,0.7081661224236458
Anomaly_TvdMzj.jpg,1,Anomaly,0.6666379401889277
Anomaly_TVQ0xj.jpg,1,Anomaly,0.6653279872646198
Anomaly_tyt8qQ.jpg,1,Anomaly,0.5478336223182738
Anomaly_U0wTum.jpg,1,Anomaly,0.7263062182245563
Anomaly_u13p8y.jpg,1,Anomaly,0.7375830401101804
Anomaly_U3v1Xe.jpg,1,Anomaly,0.6604722434685294
Anomaly_u7mMRP.jpg,1,Anomaly,0.6778956168277874
Anomaly_u8bkwR.jpg,1,Anomaly,0.6632680137907635
Anomaly_u8r9KU.jpg,1,Anomaly,0.7222191587868646
Anomaly_Uc4sFM.jpg,1,Anomaly,0.6537185902013045
Anomaly_UCo3d1.jpg,1,Anomaly,0.6700036555249487
Anomaly_ucZW5L.jpg,1,Anomaly,0.717269607209269
Anomaly_UeoKND.jpg,1,Anomaly,0.6342804511812538
Anomaly_UgLJTr.jpg,1,Anomaly,0.6801894740191212
Anomaly_ugz92I.jpg,0,Normal,0.6178489786539434
Anomaly_UhCJQW.jpg,1,Anomaly,0.7243639537167125
Anomaly_uLGhVO.jpg,1,Anomaly,0.6617545236472664
Anomaly_uN0my1.jpg,1,Anomaly,0.7381146351885398
Anomaly_uN63FH.jpg,1,Anomaly,0.6691323293272402
Anomaly_UOfH3A.jpg,1,Anomaly,0.6714360402123074
Anomaly_UOlfMO.jpg,1,Anomaly,0.6450979399270638
Anomaly_UQQDMb.jpg,1,Anomaly,0.6611211245791007
Anomaly_uqyezw.jpg,0,Normal,0.805614039502359
Anomaly_uqykp2.jpg,1,Anomaly,0.723199914259089
Anomaly_UrAO8R.jpg,1,Anomaly,0.6391691688326286
Anomaly_UrnTJa.jpg,1,Anomaly,0.6648448110188132
Anomaly_Utu1gs.jpg,1,Anomaly,0.622145995066399
Anomaly_uu6BH9.jpg,1,Anomaly,0.6652095172529248
Anomaly_UVxVjg.jpg,1,Anomaly,0.7286766544855643
Anomaly_UwCyF3.jpg,1,Anomaly,0.7246685362448899
Anomaly_uyI0pU.jpg,1,Anomaly,0.7209253004291425
Anomaly_uYW5E4.jpg,0,Normal,0.6823463506351686
Anomaly_V3qtWv.jpg,1,Anomaly,0.7233651371675982
Anomaly_V48cOc.jpg,1,Anomaly,0.6719676628112918
Anomaly_v64PO0.jpg,1,Anomaly,0.6458737455812866
Anomaly_V95idA.jpg,1,Anomaly,0.6656163303345949
Anomaly_V9VO6K.jpg,1,Anomaly,0.6776204348561292
Anomaly_VATxg6.jpg,0,Normal,0.6028703535585359
Anomaly_vBGT1o.jpg,1,Anomaly,0.5471971435050387
Anomaly_vbXoK3.jpg,0,Normal,0.6033718787083422
Anomaly_VcMWgP.jpg,0,Normal,0.6262029444699757
Anomaly_Vd0CVy.jpg,1,Anomaly,0.7258433862845525
Anomaly_vDL6AX.jpg,1,Anomaly,0.6607696433434941
Anomaly_VFt0tQ.jpg,0,Normal,0.6062023937269876
Anomaly_vg1NkV.jpg,1,Anomaly,0.7388289282230265
Anomaly_VI9gVS.jpg,1,Anomaly,0.7272526121936056
Anomaly_VizXFj.jpg,1,Anomaly,0.7305155642676137
Anomaly_VJJrMo.jpg,0,Normal,0.684193059838925
Anomaly_vJv57N.jpg,1,Anomaly,0.667479676819325
Anomaly_VkxYlY.jpg,1,Anomaly,0.6454192757995468
Anomaly_vl8HM4.jpg,0,Normal,0.605627273640953
Anomaly_VmCkTI.jpg,1,Anomaly,0.5468369904482521
Anomaly_vOVKQL.jpg,1,Anomaly,0.6655703764816798
Anomaly_vOzYpO.jpg,1,Anomaly,0.546977991496502
Anomaly_VPnsPC.jpg,0,Normal,0.601068022518402
Anomaly_vR9uto.jpg,0,Normal,0.8047128027068711
Anomaly_vSgUPp.jpg,1,Anomaly,0.7062489835102059
Anomaly_vSXrrY.jpg,1,Anomaly,0.6408526720336739
Anomaly_VvRQzy.jpg,1,Anomaly,0.727537407916257
Anomaly_VWE0e7.jpg,1,Anomaly,0.7062858604702864
Anomaly_VWxnuE.jpg,1,Anomaly,0.6591378454481138
Anomaly_vwzLeJ.jpg,1,Anomaly,0.7473635521238897
Anomaly_vXrH0T.jpg,1,Anomaly,0.6630331577813253
Anomaly_VYCssZ.jpg,1,Anomaly,0.7289921233301329
Anomaly_VzsDvS.jpg,0,Normal,0.8038705496525077
Anomaly_w06T4C.jpg,0,Normal,0.6141347892389302
Anomaly_W1EdnC.jpg,1,Anomaly,0.7378320871231553
Anomaly_w1ZliW.jpg,1,Anomaly,0.6756572459522201
Anomaly_w3Leic.jpg,0,Normal,0.6154446235559898
Anomaly_W8vLZh.jpg,1,Anomaly,0.7402501498505532
Anomaly_WA3EGB.jpg,1,Anomaly,0.651865391173656
Anomaly_WbtxQA.jpg,1,Anomaly,0.6396863999529511
Anomaly_WcTzIK.jpg,1,Anomaly,0.6663775345095464
Anomaly_WErF8x.jpg,1,Anomaly,0.54643570405374
Anomaly_WEVTpe.jpg,1,Anomaly,0.6392882585383484
Anomaly_WG177E.jpg,0,Normal,0.8025565196396983
Anomaly_WGGmjB.jpg,1,Anomaly,0.654715511525795
Anomaly_wIz1hL.jpg,1,Anomaly,0.6711423834006451
Anomaly_wJ5h89.jpg,1,Anomaly,0.6427369331817308
Anomaly_WJkEdJ.jpg,1,Anomaly,0.7074933298133584
Anomaly_wjLrsO.jpg,1,Anomaly,0.5461036621878834
Anomaly_WJwWEl.jpg,1,Anomaly,0.7315779977241532
Anomaly_wLfHCN.jpg,1,Anomaly,0.6628252949294433
Anomaly_wnBqQG.jpg,1,Anomaly,0.6691223344554296
Anomaly_WNlaPm.jpg,0,Normal,0.6593661866024692
Anomaly_wo1knT.jpg,1,Anomaly,0.6632746408120345
Anomaly_WObMVZ.jpg,1,Anomaly,0.6617728846498756
Anomaly_WQpbPw.jpg,1,Anomaly,0.6660139744100981
Anomaly_wQPmyg.jpg,0,Normal,0.5987834523643678
Anomaly_WRClyR.jpg,0,Normal,0.6029553689302372
Anomaly_wRt50a.jpg,1,Anomaly,0.664857145820939
Anomaly_WuwFwY.jpg,1,Anomaly,0.6389579732755573
Anomaly_wVljsr.jpg,1,Anomaly,0.6625787675208992
Anomaly_wWccAe.jpg,1,Anomaly,0.72567140909233
Anomaly_WwR7S9.jpg,1,Anomaly,0.7253689120648124
Anomaly_WWut5m.jpg,1,Anomaly,0.6789340139760861
Anomaly_WyhNXr.jpg,0,Normal,0.6775368673796746
Anomaly_wYO0gM.jpg,1,Anomaly,0.6452713906271808
Anomaly_wzp2IH.jpg,1,Anomaly,0.6649980749809652
Anomaly_wzyt7J.jpg,1,Anomaly,0.6707741956089333
Anomaly_X0rZZg.jpg,1,Anomaly,0.7368791691281638
Anomaly_x1W4Vr.jpg,1,Anomaly,0.6690439016210814
Anomaly_x4RTjE.jpg,1,Anomaly,0.7228311747801572
Anomaly_x5NaR5.jpg,1,Anomaly,0.656999063075608
Anomaly_x7YQKm.jpg,1,Anomaly,0.6500310555221972
Anomaly_x8wwiZ.jpg,1,Anomaly,0.638937410406188
Anomaly_x9fFyD.jpg,1,Anomaly,0.6604729778494478
Anomaly_xBTosT.jpg,1,Anomaly,0.7262965599641431
Anomaly_xdU4IC.jpg,1,Anomaly,0.6656175556361241
Anomaly_XDzNAJ.jpg,1,Anomaly,0.6438411732201512
Anomaly_xFJ1Qi.jpg,1,Anomaly,0.726072680138565
Anomaly_xfPFW8.jpg,1,Anomaly,0.7079667670887821
Anomaly_xHYm9t.jpg,0,Normal,0.686446144256389
Anomaly_Xi1u5H.jpg,1,Anomaly,0.6696235714484584
Anomaly_XicD0M.jpg,1,Anomaly,0.6724054114959002
Anomaly_xIDHs8.jpg,1,Anomaly,0.7184327008051852
Anomaly_xiLyOu.jpg,1,Anomaly,0.6392413435486554
Anomaly_XISAUH.jpg,1,Anomaly,0.709339071628017
Anomaly_xjOuUX.jpg,1,Anomaly,0.661863088867169
Anomaly_XK21FO.jpg,0,Normal,0.6838663642716294
Anomaly_xlmcCV.jpg,1,Anomaly,0.6352954003421296
Anomaly_XmcxS6.jpg,1,Anomaly,0.5473953914212054
Anomaly_XO24Bt.jpg,1,Anomaly,0.724745503043174
Anomaly_xP99u9.jpg,1,Anomaly,0.6701038541542537
Anomaly_xpiEFg.jpg,1,Anomaly,0.6593643664442062
Anomaly_xQm37R.jpg,1,Anomaly,0.6616427062084065
Anomaly_XrE0F7.jpg,1,Anomaly,0.6565493621535785
Anomaly_xsqZdH.jpg,0,Normal,0.6267920316772613
Anomaly_XtG1e5.jpg,0,Normal,0.6235104724142865
Anomaly_xv903b.jpg,1,Anomaly,0.7247198562393985
Anomaly_XWdcD9.jpg,0,Normal,0.8022954511336667
Anomaly_xxOwma.jpg,1,Anomaly,0.6793838524675115
Anomaly_xYy22A.jpg,0,Normal,0.6058478668113669
Anomaly_y0qurR.jpg,1,Anomaly,0.5474108890226806
Anomaly_Y7FXZx.jpg,1,Anomaly,0.6767536562785996
Anomaly_y9G3TY.jpg,1,Anomaly,0.7181254400627061
Anomaly_y9WKmk.jpg,1,Anomaly,0.6584237700874269
Anomaly_yb0kt9.jpg,1,Anomaly,0.6454149558418287
Anomaly_YfcmF6.jpg,1,Anomaly,0.6400471978227015
Anomaly_yGjCfr.jpg,1,Anomaly,0.6762645590646497
Anomaly_YHEHNb.jpg,1,Anomaly,0.639347036789786
Anomaly_Yjk3oi.jpg,0,Normal,0.603300389819742
Anomaly_yKnedO.jpg,1,Anomaly,0.7258946413374301
Anomaly_YLJKW9.jpg,0,Normal,0.6069248799500908
Anomaly_YLvDGu.jpg,1,Anomaly,0.7064754612893616
Anomaly_YMA1QO.jpg,1,Anomaly,0.6606021143666294
Anomaly_YrKXej.jpg,0,Normal,0.6159451571648012
Anomaly_YsmTrX.jpg,0,Normal,0.6865653877909281
Anomaly_YtBuYQ.jpg,0,Normal,0.8025980766805711
Anomaly_YtHbeD.jpg,1,Anomaly,0.6403499586040127
Anomaly_yTvmPZ.jpg,1,Anomaly,0.6362810945077396
Anomaly_YUPCME.jpg,1,Anomaly,0.6646979980303385
Anomaly_yvGm2q.jpg,1,Anomaly,0.6623783599998008
Anomaly_yW6lJ9.jpg,1,Anomaly,0.6624139308938761
Anomaly_yWKZwf.jpg,1,Anomaly,0.7089254345724154
Anomaly_YyK4mf.jpg,1,Anomaly,0.7185074596454457
Anomaly_yYNrT3.jpg,1,Anomaly,0.6375075324101203
Anomaly_YYUbzG.jpg,1,Anomaly,0.6387746067956537
Anomaly_YYzHOy.jpg,1,Anomaly,0.742634986031219
Anomaly_yzdrih.jpg,1,Anomaly,0.7406332891723877
Anomaly_YZssnM.jpg,1,Anomaly,0.6614018534760806
Anomaly_yzVCbp.jpg,1,Anomaly,0.6622024288972919
Anomaly_z2Tw4H.jpg,1,Anomaly,0.6641019657492067
Anomaly_Z5Agh5.jpg,1,Anomaly,0.6394287694565112
Anomaly_Z6Q484.jpg,1,Anomaly,0.6806266701027547
Anomaly_Z99ltw.jpg,1,Anomaly,0.6656644731175191
Anomaly_z9dMj3.jpg,0,Normal,0.6228503872226487
Anomaly_zA8BDA.jpg,0,Normal,0.6051220665230352
Anomaly_zDnf3Y.jpg,1,Anomaly,0.6796473840191228
Anomaly_zEt52E.jpg,0,Normal,0.8029071259452819
Anomaly_ZgMeBh.jpg,1,Anomaly,0.6510828816360683
Anomaly_ZgpJIW.jpg,1,Anomaly,0.7076850438949274
Anomaly_zhUaqT.jpg,1,Anomaly,0.7182711432610698
Anomaly_ZjTTbq.jpg,1,Anomaly,0.6579778082066636
Anomaly_zkdlON.jpg,1,Anomaly,0.6274659947642489
Anomaly_ZNsITg.jpg,1,Anomaly,0.6388688341659826
Anomaly_zoNXfv.jpg,1,Anomaly,0.7191247430355547
Anomaly_zPjj2H.jpg,1,Anomaly,0.6342968267867706
Anomaly_zQi42d.jpg,1,Anomaly,0.7074457266498301
Anomaly_zQsgVP.jpg,1,Anomaly,0.6606251932563184
Anomaly_zrtKTt.jpg,0,Normal,0.6156512679024894
Anomaly_ZSsdFU.jpg,1,Anomaly,0.6394214898038376
Anomaly_ZtXNLJ.jpg,1,Anomaly,0.659454557948757
Anomaly_zU0gSK.jpg,1,Anomaly,0.7395331140885757
Anomaly_zuv8Pj.jpg,1,Anomaly,0.7213671499387788
Anomaly_ZW1fki.jpg,1,Anomaly,0.6801670553232648
Anomaly_ZWYCvo.jpg,1,Anomaly,0.6397151249640121
Anomaly_zxJaf3.jpg,1,Anomaly,0.6409977026088945
Anomaly_Zy3Au8.jpg,1,Anomaly,0.7165355262526835
Anomaly_ZZ3YNJ.jpg,1,Anomaly,0.6641361202283929
Anomaly_ZzbVN3.jpg,1,Anomaly,0.7256863762785223
Normal_00HPDE.jpg,0,Normal,0.7792990496426582
Normal_01NNr8.jpg,1,Anomaly,0.747355412867228
Normal_05dcsK.jpg,0,Normal,0.7723521676868507
Normal_05NqeB.jpg,0,Normal,0.609127705656263
Normal_060YWe.jpg,0,Normal,0.7850932106894564
Normal_07tzS9.jpg,0,Normal,0.7950539246565955
Normal_08lV2b.jpg,0,Normal,0.7730832325591069
Normal_0B81jf.jpg,1,Anomaly,0.6289542587073236
Normal_0BMXAc.jpg,0,Normal,0.6153872315728834
Normal_0feSYI.jpg,0,Normal,0.6146347370570413
Normal_0frLrp.jpg,0,Normal,0.7694686054716217
Normal_0kmWUx.jpg,1,Anomaly,0.6320210684515658
Normal_0lmKLj.jpg,0,Normal,0.77633677984271
Normal_0N0RKM.jpg,0,Normal,0.7960476749127106
Normal_0shBA9.jpg,1,Anomaly,0.6316131709797672
Normal_0Uw15l.jpg,1,Anomaly,0.6751135680244782
Normal_0VHyos.jpg,1,Anomaly,0.7515176580639029
Normal_1aOeTI.jpg,0,Normal,0.7661016757170791
Normal_1B3NUV.jpg,0,Normal,0.7679123781129996
Normal_1E9ED9.jpg,0,Normal,0.6092253241043559
Normal_1gUOvZ.jpg,0,Normal,0.7848750913164972
Normal_1hWeCv.jpg,0,Normal,0.7776369988151492
Normal_1IGzmG.jpg,0,Normal,0.7822984440273762
Normal_1JmlR2.jpg,0,Normal,0.7628792284995776
Normal_1KKPQK.jpg,0,Normal,0.771960703877089
Normal_1pJzek.jpg,1,Anomaly,0.6769382452789108
Normal_1tlrxD.jpg,1,Anomaly,0.6053450835265202
Normal_1TxDav.jpg,0,Normal,0.7761822277458834
Normal_1VjWGK.jpg,0,Normal,0.7599129716857873
Normal_1wja8x.jpg,0,Normal,0.7763711215857485
Normal_1wprUa.jpg,0,Normal,0.6120564972252802
Normal_1xbHI8.jpg,1,Anomaly,0.6733494412386141
Normal_1YzQu7.jpg,0,Normal,0.7692465476183894
Normal_218Yx5.jpg,0,Normal,0.7664958944237275
Normal_21fX90.jpg,0,Normal,0.770109755901887
Normal_22f7zX.jpg,0,Normal,0.769079974935003
Normal_23Fh4J.jpg,0,Normal,0.7733395505994773
Normal_24BbQ3.jpg,0,Normal,0.7934928233465939
Normal_27nHKW.jpg,1,Anomaly,0.7490468482057504
Normal_28eo2J.jpg,0,Normal,0.7622184740514956
Normal_28hQuE.jpg,0,Normal,0.6130579473121018
Normal_2AuzZX.jpg,0,Normal,0.7792098073463363
Normal_2C3FEs.jpg,0,Normal,0.7787115390424406
Normal_2Cmx6O.jpg,1,Anomaly,0.6860453455451104
Normal_2dC7zA.jpg,1,Anomaly,0.7556725158353084
Normal_2lV4eL.jpg,1,Anomaly,0.6101834858393063
Normal_2ms9tI.jpg,0,Normal,0.6153722010204811
Normal_2nxD6s.jpg,0,Normal,0.7880287192310292
Normal_2ooQEs.jpg,1,Anomaly,0.6746448855697553
Normal_2qi31u.jpg,0,Normal,0.615155354647285
Normal_2QRUG5.jpg,0,Normal,0.7807974460773521
Normal_2yUaH0.jpg,0,Normal,0.6142345391043245
Normal_2zjKuF.jpg,0,Normal,0.6146302399218189
Normal_3A0OMw.jpg,0,Normal,0.615576460654818
Normal_3bdzYq.jpg,1,Anomaly,0.7263314691378497
Normal_3J5nHY.jpg,0,Normal,0.7783098068047725
Normal_3jfURw.jpg,0,Normal,0.6148315047253531
Normal_3JoZio.jpg,1,Anomaly,0.7054000057504148
Normal_3kbpn2.jpg,0,Normal,0.616444912272145
Normal_3LDlDH.jpg,0,Normal,0.7637964930963874
Normal_3mCZNA.jpg,0,Normal,0.7798877801490098
Normal_3PsV9g.jpg,0,Normal,0.7773320868299752
Normal_3qCsPc.jpg,1,Anomaly,0.6752492233243759
Normal_3rLhzs.jpg,0,Normal,0.7752068848610573
Normal_3sTd34.jpg,1,Anomaly,0.6887899428247182
Normal_3UOhUC.jpg,0,Normal,0.7818232656975703
Normal_3VZAfF.jpg,1,Anomaly,0.7593446276003858
Normal_3wLzEj.jpg,0,Normal,0.7773632878011452
Normal_3zjYxt.jpg,1,Anomaly,0.75258796336575
Normal_43MT0c.jpg,0,Normal,0.6164028519736441
Normal_4cJ6fn.jpg,0,Normal,0.7728708520814561
Normal_4CUq1s.jpg,1,Anomaly,0.7265790025510261
Normal_4eP71V.jpg,0,Normal,0.7947131848531215
Normal_4ghppS.jpg,0,Normal,0.6146589015422683
Normal_4KJ69S.jpg,1,Anomaly,0.616469200382029
Normal_4KJGJZ.jpg,0,Normal,0.6151808917632879
Normal_4kSBzX.jpg,1,Anomaly,0.7630862776039723
Normal_4NeKdB.jpg,1,Anomaly,0.7314405337891186
Normal_4NzA2I.jpg,0,Normal,0.6160751703269822
Normal_4r40dy.jpg,0,Normal,0.7809413583580809
Normal_4shVHj.jpg,1,Anomaly,0.7432926066099654
Normal_4tHdSe.jpg,0,Normal,0.7683998279211255
Normal_4TIk4a.jpg,1,Anomaly,0.6798761234776912
Normal_4YtH5a.jpg,1,Anomaly,0.6761083908910643
Normal_56petp.jpg,1,Anomaly,0.7276749114626498
Normal_58E0Bg.jpg,1,Anomaly,0.6857166212940106
Normal_5cAljj.jpg,0,Normal,0.7656403680894093
Normal_5CgR0t.jpg,0,Normal,0.6164744965735947
Normal_5dgZ0P.jpg,1,Anomaly,0.7537124080715386
Normal_5fovhw.jpg,1,Anomaly,0.7512727515520503
Normal_5L3G79.jpg,1,Anomaly,0.7168545690710886
Normal_5pUB5C.jpg,0,Normal,0.7778479800893107
Normal_5sC6I0.jpg,0,Normal,0.764333488684464
Normal_5sV9rM.jpg,1,Anomaly,0.7577036401714918
Normal_5T2TeK.jpg,0,Normal,0.7720073687620569
Normal_5yR4z8.jpg,1,Anomaly,0.6359386153862148
Normal_6bdWNw.jpg,0,Normal,0.7679494367918657
Normal_6BsRWB.jpg,0,Normal,0.7820202323734768
Normal_6hYqTG.jpg,1,Anomaly,0.7323274814076832
Normal_6i178v.jpg,0,Normal,0.6162116914002715
Normal_6pLfHb.jpg,1,Anomaly,0.7634089724601129
Normal_6TIe9T.jpg,1,Anomaly,0.6731617259529625
Normal_6wusdf.jpg,1,Anomaly,0.6296212686862841
Normal_6wzww9.jpg,0,Normal,0.7807533249232819
Normal_6yadsj.jpg,0,Normal,0.7756927306999083
Normal_6yMWkK.jpg,1,Anomaly,0.7363995180620497
Normal_734Xyq.jpg,0,Normal,0.7774334918852683
Normal_770wN9.jpg,1,Anomaly,0.6839340239394024
Normal_77K3Jz.jpg,0,Normal,0.6132610018256472
Normal_78XRWY.jpg,0,Normal,0.6129541820567834
Normal_7AbABs.jpg,1,Anomaly,0.7374627699232525
Normal_7cMWIX.jpg,0,Normal,0.7700742110093214
Normal_7G6rBb.jpg,1,Anomaly,0.6131721394296075
Normal_7MihEo.jpg,0,Normal,0.6152620374433582
Normal_7MVitg.jpg,0,Normal,0.7693357384350412
Normal_7mVj2Q.jpg,1,Anomaly,0.7590954278222397
Normal_7NvWo1.jpg,1,Anomaly,0.6714359343547471
Normal_7Nz6z4.jpg,0,Normal,0.770463021911786
Normal_7pnDqg.jpg,0,Normal,0.7804496467755476
Normal_7poMLl.jpg,1,Anomaly,0.7329350435847881
Normal_7R6Y6a.jpg,0,Normal,0.7736975064017009
Normal_7rajaZ.jpg,1,Anomaly,0.7500565960959003
Normal_7RTk1M.jpg,1,Anomaly,0.7367518575992815
Normal_7Te0qM.jpg,0,Normal,0.7745336933006393
Normal_7Th644.jpg,0,Normal,0.6149828799308038
Normal_7tSLTt.jpg,1,Anomaly,0.7509314806997407
Normal_7V0H0n.jpg,1,Anomaly,0.7108207831652116
Normal_7WjPp2.jpg,0,Normal,0.7827834278827629
Normal_7WkUkW.jpg,0,Normal,0.769562066828233
Normal_7WTTMp.jpg,0,Normal,0.7736023461012347
Normal_7wuWel.jpg,0,Normal,0.7987398719320675
Normal_7X4OLo.jpg,1,Anomaly,0.7630645304521393
Normal_7zk5RX.jpg,0,Normal,0.7808555305264061
Normal_82gDqX.jpg,1,Anomaly,0.6701087224680331
Normal_8B3RNX.jpg,1,Anomaly,0.6115396164817832
Normal_8BSStc.jpg,0,Normal,0.7817895163980009
Normal_8iXztg.jpg,0,Normal,0.7660948696113021
Normal_8kjbcZ.jpg,0,Normal,0.7961121411517198
Normal_8n2d6O.jpg,0,Normal,0.6095825154768285
Normal_8p7EQY.jpg,1,Anomaly,0.6803575459503859
Normal_8Rog80.jpg,0,Normal,0.615869664679912
Normal_8uretw.jpg,1,Anomaly,0.6744599982502562
Normal_8x956P.jpg,0,Normal,0.7776629831822817
Normal_8ztdiv.jpg,1,Anomaly,0.6765884380063873
Normal_92isPZ.jpg,0,Normal,0.7819155486872054
Normal_92ZfHd.jpg,0,Normal,0.7596006463860455
Normal_996utl.jpg,0,Normal,0.7689412791446839
Normal_9epk1I.jpg,1,Anomaly,0.671213600533224
Normal_9GNkI3.jpg,0,Normal,0.6141460035644313
Normal_9js2cg.jpg,1,Anomaly,0.6293607613917238
Normal_9KofoN.jpg,0,Normal,0.6120647674981723
Normal_9lcIIq.jpg,0,Normal,0.614028098507611
Normal_9Pz2BI.jpg,0,Normal,0.7818610727734351
Normal_9VcNKD.jpg,1,Anomaly,0.7173797144562579
Normal_A0FTBe.jpg,1,Anomaly,0.7610881314310181
Normal_a22Afq.jpg,1,Anomaly,0.7548036136300602
Normal_a2pWqt.jpg,0,Normal,0.6161135511667231
Normal_A42hGd.jpg,0,Normal,0.7691308852587646
Normal_a5CVR7.jpg,1,Anomaly,0.618342153281485
Normal_a5wL9k.jpg,1,Anomaly,0.6772350872342261
Normal_aaFadf.jpg,1,Anomaly,0.7149730318760243
Normal_Ab3kCd.jpg,1,Anomaly,0.7192239632119204
Normal_aBhbF2.jpg,0,Normal,0.6149677634757252
Normal_AdPnIW.jpg,1,Anomaly,0.7460214417340878
Normal_aF7XDC.jpg,0,Normal,0.614241492104073
Normal_AIZPxW.jpg,0,Normal,0.7625000141020777
Normal_AjK3gk.jpg,1,Anomaly,0.7604758981752313
Normal_Akm6dQ.jpg,1,Anomaly,0.6831539940560956
Normal_aLrbzp.jpg,0,Normal,0.6088617736298292
Normal_aoHwS7.jpg,1,Anomaly,0.7622468470931123
Normal_ap40ZZ.jpg,0,Normal,0.6139336730475382
Normal_as0Lgr.jpg,1,Anomaly,0.6796667006358996
Normal_AsF2uo.jpg,0,Normal,0.6133557614436215
Normal_asFY5E.jpg,0,Normal,0.6158368756909606
Normal_AsTT8d.jpg,1,Anomaly,0.7202381233103401
Normal_AtbxS2.jpg,0,Normal,0.7769843756486166
Normal_atmAmL.jpg,1,Anomaly,0.673648413413795
Normal_aTw71x.jpg,0,Normal,0.7808497599451976
Normal_auiXr8.jpg,1,Anomaly,0.7054490574488553
Normal_aUy8mR.jpg,0,Normal,0.7665537898268212
Normal_AvS1ol.jpg,0,Normal,0.7981734758549708
Normal_aVsVSX.jpg,0,Normal,0.780554166515982
Normal_AWSnBO.jpg,0,Normal,0.7632782981695239
Normal_AXslSL.jpg,0,Normal,0.795377621442146
Normal_AyESyN.jpg,0,Normal,0.7817515900874981
Normal_AZIMhF.jpg,0,Normal,0.6086578667322673
Normal_B1l05c.jpg,0,Normal,0.6154386934699736
Normal_b4WEUQ.jpg,0,Normal,0.6120979055567267
Normal_bbzLKG.jpg,1,Anomaly,0.7191970877123635
Normal_Bc7KgJ.jpg,0,Normal,0.6159626045585329
Normal_BcbjI6.jpg,0,Normal,0.6081251564459753
Normal_BCW7uj.jpg,0,Normal,0.7804036140996631
Normal_bDcLuB.jpg,0,Normal,0.7800161995610371
Normal_BEJpMG.jpg,0,Normal,0.7789566436448663
Normal_bFAnnL.jpg,0,Normal,0.6093976900586053
Normal_bfhbEt.jpg,0,Normal,0.7847649089869766
Normal_bfm7xG.jpg,1,Anomaly,0.7038619370844725
Normal_BFOEtv.jpg,1,Anomaly,0.6761560186626601
Normal_BgYe8S.jpg,0,Normal,0.7805388603144414
Normal_bhSmdT.jpg,0,Normal,0.7642683435996585
Normal_BIooqV.jpg,1,Anomaly,0.6125901676440538
Normal_bIVsDu.jpg,1,Anomaly,0.6068222990615313
Normal_bjtaHX.jpg,1,Anomaly,0.7454789191111968
Normal_bNJVZE.jpg,0,Normal,0.7958637254957146
Normal_BnjYaN.jpg,0,Normal,0.7685079107829182
Normal_bQx0mk.jpg,0,Normal,0.6152125449520749
Normal_bRH67Z.jpg,1,Anomaly,0.7162076531114716
Normal_BrjCuW.jpg,1,Anomaly,0.762916629759464
Normal_BrVpHR.jpg,0,Normal,0.7653861214441683
Normal_BSD1S7.jpg,0,Normal,0.6148459277731007
Normal_bsxeFu.jpg,1,Anomaly,0.7021041842536995
Normal_BuG3Pp.jpg,1,Anomaly,0.7092657722034579
Normal_bUPzS0.jpg,1,Anomaly,0.7101594078535738
Normal_Buumzl.jpg,1,Anomaly,0.623085564504636
Normal_BUYw03.jpg,0,Normal,0.7695560640839831
Normal_buziSC.jpg,1,Anomaly,0.6810584808740827
Normal_bWFwwP.jpg,1,Anomaly,0.6926558705157041
Normal_BWHy30.jpg,0,Normal,0.772741633300779
Normal_bYi5h9.jpg,1,Anomaly,0.7598500677123551
Normal_bYiaE8.jpg,1,Anomaly,0.6765111665378973
Normal_bZIAzR.jpg,0,Normal,0.6144952659560069
Normal_C0yvMp.jpg,0,Normal,0.7826897701070834
Normal_c1CEdh.jpg,0,Normal,0.6148813810430074
Normal_c6bKki.jpg,1,Anomaly,0.6203856611850513
Normal_C6nSPl.jpg,1,Anomaly,0.7619293262821157
Normal_c7anLN.jpg,0,Normal,0.7799392829647718
Normal_C8DElx.jpg,0,Normal,0.6157171647946424
Normal_c9rvUa.jpg,0,Normal,0.7933795449377024
Normal_Ca0xj7.jpg,1,Anomaly,0.7167317427463351
Normal_cbBS2X.jpg,0,Normal,0.6150204014704519
Normal_ccbIZj.jpg,0,Normal,0.795102671185856
Normal_CcGp8A.jpg,1,Anomaly,0.6756932361541323
Normal_cD9Kfu.jpg,0,Normal,0.7817557496582472
Normal_cetmR2.jpg,0,Normal,0.6090822905758758
Normal_cGbF0I.jpg,1,Anomaly,0.6288447801396357
Normal_cgj4MK.jpg,1,Anomaly,0.6702137225132632
Normal_CHMItU.jpg,1,Anomaly,0.7626986802901975
Normal_ChVvEm.jpg,1,Anomaly,0.7636612142919923
Normal_ChWZqV.jpg,1,Anomaly,0.6694406569786537
Normal_ciOdWq.jpg,0,Normal,0.7826571465876871
Normal_ckP51U.jpg,1,Anomaly,0.7430860304983358
Normal_ClbUE1.jpg,0,Normal,0.77939305410969
Normal_cLHLCm.jpg,0,Normal,0.7718173867945368
Normal_cN2EBX.jpg,0,Normal,0.7990597434071243
Normal_cNJfXp.jpg,1,Anomaly,0.6728990711339218
Normal_cPC2YL.jpg,0,Normal,0.615358180751318
Normal_CQepqK.jpg,1,Anomaly,0.730392072799378
Normal_cqvH3q.jpg,1,Anomaly,0.7484018666213237
Normal_CSDE8D.jpg,0,Normal,0.7785536243349438
Normal_cUe18x.jpg,0,Normal,0.7749053351558418
Normal_cVb6yh.jpg,0,Normal,0.6149322007786058
Normal_CVMsaD.jpg,0,Normal,0.7974882850352643
Normal_CWeKBL.jpg,0,Normal,0.7972878889684099
Normal_cx7lcL.jpg,0,Normal,0.7702631576207792
Normal_cxeBJr.jpg,0,Normal,0.7660063499626039
Normal_CYHC5M.jpg,0,Normal,0.7789808799045528
Normal_Cyq2tb.jpg,0,Normal,0.7808909811416898
Normal_d0Bj0t.jpg,1,Anomaly,0.7184935880020513
Normal_d2dZnK.jpg,1,Anomaly,0.7073280791375818
Normal_d3gIbY.jpg,0,Normal,0.615901943578035
Normal_d4a5in.jpg,0,Normal,0.7812656689861948
Normal_d7M64w.jpg,0,Normal,0.7765097141887598
Normal_d87fAw.jpg,1,Anomaly,0.7535395740282482
Normal_dBcxeB.jpg,1,Anomaly,0.7060974944859661
Normal_DDRDKk.jpg,0,Normal,0.7617988064409061
Normal_DF5vv0.jpg,0,Normal,0.7606517527290364
Normal_dFMsFY.jpg,0,Normal,0.7801156132332132
Normal_DfP9Ra.jpg,0,Normal,0.7782793990214587
Normal_dFu5PV.jpg,0,Normal,0.7660159881806408
Normal_DGZNPz.jpg,0,Normal,0.615533242788713
Normal_DhupDS.jpg,1,Anomaly,0.6300167290576658
Normal_DiFeuH.jpg,1,Anomaly,0.6712023093657005
Normal_dJKtcn.jpg,0,Normal,0.7645363526112507
Normal_dJzUhd.jpg,1,Anomaly,0.6884338507316528
Normal_DkVmSc.jpg,1,Anomaly,0.6278551144096252
Normal_dlF36T.jpg,0,Normal,0.7675983544591344
Normal_dn7Cyp.jpg,0,Normal,0.7816840590544959
Normal_Dn8eBH.jpg,0,Normal,0.775801062327199
Normal_DNI5yb.jpg,0,Normal,0.7988088970398235
Normal_dOM1to.jpg,1,Anomaly,0.6936312332253693
Normal_Dp9umi.jpg,0,Normal,0.7689368495812497
Normal_dpE3hZ.jpg,0,Normal,0.7911235227928325
Normal_DPS02D.jpg,0,Normal,0.616292889793624
Normal_dPS0oy.jpg,0,Normal,0.6084637020850989
Normal_DQUZt3.jpg,0,Normal,0.7977518554003037
Normal_Drrvrh.jpg,0,Normal,0.7642468855941911
Normal_ds3bAn.jpg,0,Normal,0.7938502225470113
Normal_DSBQEX.jpg,0,Normal,0.7731228079043914
Normal_DsD0Ob.jpg,0,Normal,0.7675761640313798
Normal_dSDRwO.jpg,0,Normal,0.7823258119568401
Normal_dsoiEV.jpg,1,Anomaly,0.7148249035489114
Normal_dt9BtU.jpg,0,Normal,0.7793144570488528
Normal_DTxyxx.jpg,0,Normal,0.7652673049395741
Normal_dUOA3h.jpg,0,Normal,0.609196230177721
Normal_duXxcK.jpg,0,Normal,0.7817228831903905
Normal_DVWBla.jpg,0,Normal,0.7695415379333028
Normal_Dwz1xj.jpg,1,Anomaly,0.719315433620055
Normal_DYt91O.jpg,0,Normal,0.7818896856917015
Normal_DZGtNs.jpg,0,Normal,0.7792574872466025
Normal_E2xm1a.jpg,1,Anomaly,0.7520234750999071
Normal_e5n6hb.jpg,0,Normal,0.7732148368041728
Normal_E6benv.jpg,0,Normal,0.6089595414523885
Normal_eAz9Sp.jpg,0,Normal,0.6161550788640839
Normal_EcSqkt.jpg,0,Normal,0.7779634784649159
Normal_Ecw6Ou.jpg,1,Anomaly,0.610144769672279
Normal_eDujiT.jpg,1,Anomaly,0.7078043855465996
Normal_eEHNRR.jpg,0,Normal,0.7807298634259549
Normal_eEkkS2.jpg,1,Anomaly,0.762370993976497
Normal_EfI7gP.jpg,1,Anomaly,0.6245990864247282
Normal_EGb9wZ.jpg,1,Anomaly,0.6696765140308645
Normal_EGkdh8.jpg,0,Normal,0.779740766067992
Normal_eGZxWi.jpg,0,Normal,0.7722367311724161
Normal_EhEDHJ.jpg,0,Normal,0.6134791209600522
Normal_eHQMpA.jpg,0,Normal,0.7797291656300999
Normal_Eipw5h.jpg,1,Anomaly,0.7116739408440376
Normal_EkATRa.jpg,1,Anomaly,0.7614304115896249
Normal_ekcfG5.jpg,1,Anomaly,0.6304457888842212
Normal_eLBCzj.jpg,0,Normal,0.7708690181550583
Normal_elJiv6.jpg,0,Normal,0.7963730602788125
Normal_emMmZh.jpg,0,Normal,0.7656816314414834
Normal_eMSB8P.jpg,0,Normal,0.6081116259221536
Normal_EMvBdm.jpg,1,Anomaly,0.754635740484215
Normal_eMXUId.jpg,1,Anomaly,0.628391670191291
Normal_eNnBqT.jpg,1,Anomaly,0.6249865375623611
Normal_epFGmx.jpg,0,Normal,0.6152589773076285
Normal_EpHgJk.jpg,0,Normal,0.614285530415144
Normal_ER66Xg.jpg,0,Normal,0.7826400932466278
Normal_ES8cyk.jpg,1,Anomaly,0.6734635485720597
Normal_ESovbp.jpg,0,Normal,0.6096054199979366
Normal_ESv963.jpg,0,Normal,0.7619654185823257
Normal_eTozIN.jpg,1,Anomaly,0.6773474438605671
Normal_eUBJWn.jpg,0,Normal,0.7787966547759388
Normal_exdUWb.jpg,0,Normal,0.7768309811002873
Normal_exIukP.jpg,0,Normal,0.6099247085450477
Normal_EY8PNQ.jpg,0,Normal,0.7730138484498661
Normal_eYgrr5.jpg,0,Normal,0.7795612542750427
Normal_EZMLC1.jpg,0,Normal,0.7792227328364304
Normal_f6KoCM.jpg,0,Normal,0.7768591334691342
Normal_f9cD0I.jpg,0,Normal,0.7778271501928402
Normal_FAW0Hn.jpg,0,Normal,0.7770559489160825
Normal_fb21jt.jpg,1,Anomaly,0.7348459148908999
Normal_fcDN7B.jpg,0,Normal,0.614996749049102
Normal_Fd6JRw.jpg,1,Anomaly,0.7406413803241843
Normal_fD6x01.jpg,0,Normal,0.7633469631415832
Normal_FDRLmv.jpg,0,Normal,0.7790406275067553
Normal_fdtLib.jpg,1,Anomaly,0.6771711039474644
Normal_fdXmca.jpg,1,Anomaly,0.6079344777067739
Normal_fEDoBu.jpg,0,Normal,0.7728043700013429
Normal_FeIqwM.jpg,1,Anomaly,0.7052615413789404
Normal_fFa9Fe.jpg,1,Anomaly,0.7619263092102493
Normal_fFarv7.jpg,1,Anomaly,0.7633820142215192
Normal_FFGxvL.jpg,0,Normal,0.616595349201057
Normal_fftUWi.jpg,1,Anomaly,0.6771966265400065
Normal_fFxLnm.jpg,0,Normal,0.761300626185772
Normal_FGSqSH.jpg,1,Anomaly,0.7182228940611353
Normal_fHCBMa.jpg,1,Anomaly,0.7603921477835267
Normal_Fjynxw.jpg,0,Normal,0.7801621497644999
Normal_fL6m8n.jpg,0,Normal,0.7828178300954911
Normal_FLF82X.jpg,1,Anomaly,0.7623306583515205
Normal_FlkFBp.jpg,0,Normal,0.6086668020266891
Normal_fmBcRX.jpg,0,Normal,0.6153515558667744
Normal_FmXJN6.jpg,1,Anomaly,0.7517964855120522
Normal_FNButw.jpg,0,Normal,0.796862251617513
Normal_FoYx6K.jpg,0,Normal,0.6154596134939027
Normal_FP2E0A.jpg,1,Anomaly,0.7016396839818393
Normal_fPK35G.jpg,0,Normal,0.7810832462113297
Normal_Fq1bFq.jpg,0,Normal,0.7787021165113933
Normal_fQ1wiq.jpg,0,Normal,0.6159532312138871
Normal_frRfN2.jpg,0,Normal,0.7938789495679928
Normal_FtAXxe.jpg,1,Anomaly,0.7513246664702935
Normal_FtN76B.jpg,0,Normal,0.6153477120225088
Normal_FtqIlh.jpg,0,Normal,0.778711252445606
Normal_FuW8WQ.jpg,0,Normal,0.609443742332018
Normal_FvIpFx.jpg,0,Normal,0.6139632932790353
Normal_fw0tqK.jpg,1,Anomaly,0.7614165180875233
Normal_FXGxv8.jpg,0,Normal,0.7817682940460216
Normal_Fzcu2E.jpg,1,Anomaly,0.730009777790793
Normal_FZO2MA.jpg,0,Normal,0.7816104577863414
Normal_g0ZHo1.jpg,1,Anomaly,0.671377761799269
Normal_g4oiDt.jpg,1,Anomaly,0.7134599965542416
Normal_g5KvkH.jpg,0,Normal,0.6164783328217232
Normal_g5L9nT.jpg,0,Normal,0.7681375260637133
Normal_g5VbiU.jpg,0,Normal,0.7801447418607889
Normal_GA9aZF.jpg,0,Normal,0.615347677655129
Normal_GAxCD4.jpg,0,Normal,0.7794294197648023
Normal_gBw8CU.jpg,0,Normal,0.7680677519522445
Normal_GbZXBQ.jpg,1,Anomaly,0.6755402283954322
Normal_GdAGqr.jpg,0,Normal,0.6157120022362707
Normal_gevR5f.jpg,0,Normal,0.7783170791326113
Normal_Gh8LS8.jpg,1,Anomaly,0.670100025237824
Normal_GiO55E.jpg,0,Normal,0.6163488695530779
Normal_GITcoH.jpg,1,Anomaly,0.6850553184580974
Normal_gKd90L.jpg,0,Normal,0.7765820450720784
Normal_glcylO.jpg,0,Normal,0.6110889844703917
Normal_gMfjfG.jpg,1,Anomaly,0.7335733867014834
Normal_GNtvl8.jpg,0,Normal,0.6101530031266209
Normal_gojVM7.jpg,0,Normal,0.610576901576394
Normal_Gp8MrK.jpg,0,Normal,0.7978327815877079
Normal_gPb8eh.jpg,0,Normal,0.7791914823596282
Normal_GqK8OM.jpg,1,Anomaly,0.7060253646562861
Normal_gsAls1.jpg,0,Normal,0.7641317944032537
Normal_gTMVuE.jpg,1,Anomaly,0.7179207768846013
Normal_gUBeb7.jpg,0,Normal,0.7816030473238629
Normal_GUE1ah.jpg,0,Normal,0.773424644154092
Normal_gupG7v.jpg,0,Normal,0.7928738471297289
Normal_Gv7q94.jpg,1,Anomaly,0.7511412595816808
Normal_gXBnGY.jpg,0,Normal,0.7637512607967789
Normal_Gz2v5g.jpg,0,Normal,0.6091706997546575
Normal_gzIJJu.jpg,0,Normal,0.764890395731763
Normal_gZx3dH.jpg,1,Anomaly,0.6775259104919928
Normal_gzxku3.jpg,1,Anomaly,0.7344634614594568
Normal_h19m5f.jpg,1,Anomaly,0.7558817937933363
Normal_h3DmZF.jpg,0,Normal,0.7980317080651387
Normal_h5WVBW.jpg,0,Normal,0.765584508380046
Normal_H9QOfA.jpg,1,Anomaly,0.6287330608953596
Normal_ha1I3c.jpg,0,Normal,0.6161986732969396
Normal_hALcfE.jpg,1,Anomaly,0.6959561671437169
Normal_HB2LUK.jpg,1,Anomaly,0.7592074804935847
Normal_hcA4ZQ.jpg,1,Anomaly,0.7184398582460695
Normal_HEjVKb.jpg,0,Normal,0.7942114135822993
Normal_HEwked.jpg,0,Normal,0.7800540951295689
Normal_HgM3zW.jpg,0,Normal,0.778299945952268
Normal_Hh0Mt5.jpg,1,Anomaly,0.6310605583762086
Normal_HIulxh.jpg,1,Anomaly,0.6289915474165391
Normal_hJdUS9.jpg,1,Anomaly,0.7137481504626346
Normal_HJhK2A.jpg,0,Normal,0.6162330944839121
Normal_HpiIkN.jpg,0,Normal,0.7714892120131456
Normal_hqHlIL.jpg,0,Normal,0.763400229518869
Normal_HqOlii.jpg,1,Anomaly,0.6721891435726355
Normal_hRnZne.jpg,0,Normal,0.7776763508756871
Normal_HRPD2A.jpg,1,Anomaly,0.6739250101997886
Normal_HRtPUC.jpg,1,Anomaly,0.6754252336745497
Normal_Hske6D.jpg,0,Normal,0.770647802743795
Normal_hvI9Vl.jpg,0,Normal,0.7796536807103835
Normal_hVVOvv.jpg,0,Normal,0.7688061181567196
Normal_HwU1xV.jpg,0,Normal,0.7809538624920364
Normal_HYBUi2.jpg,1,Anomaly,0.7163023020309893
Normal_HyN4TR.jpg,0,Normal,0.7844133507813881
Normal_HZaTZq.jpg,0,Normal,0.7804330760861422
Normal_hzcCkB.jpg,1,Anomaly,0.7530538239898255
Normal_I2CSx1.jpg,0,Normal,0.7773892886558513
Normal_I5PEFb.jpg,1,Anomaly,0.7516939647531697
Normal_i91cx8.jpg,0,Normal,0.7829307002906154
Normal_IA11tg.jpg,0,Normal,0.6148742312275333
Normal_iaGTAv.jpg,0,Normal,0.7949675188848218
Normal_ibijkJ.jpg,0,Normal,0.7643210179180255
Normal_iDgLF2.jpg,1,Anomaly,0.7130103819391291
Normal_iGaAhY.jpg,0,Normal,0.781604192437392
Normal_igrils.jpg,0,Normal,0.762402467639674
Normal_IH2pqy.jpg,0,Normal,0.7795220408275099
Normal_ihd2p8.jpg,1,Anomaly,0.6749615952855024
Normal_iiSsdZ.jpg,0,Normal,0.7820935216697037
Normal_IIWWEB.jpg,0,Normal,0.6146784532459969
Normal_ij6BJV.jpg,1,Anomaly,0.6724317252805838
Normal_IkVBmH.jpg,0,Normal,0.7978537538687304
Normal_IMX8V6.jpg,0,Normal,0.7835363876089583
Normal_imzQt1.jpg,0,Normal,0.6146757867568986
Normal_inEnjD.jpg,0,Normal,0.7815814146014417
Normal_InHG45.jpg,0,Normal,0.7963041432280136
Normal_INifZG.jpg,0,Normal,0.6155978958570831
Normal_iO1op8.jpg,1,Anomaly,0.6907157327678973
Normal_IoGTwb.jpg,0,Normal,0.7803145187844778
Normal_iopw3G.jpg,0,Normal,0.7805439837255193
Normal_IrqIy1.jpg,0,Normal,0.7665234273675461
Normal_is7kCZ.jpg,0,Normal,0.6159455960807413
Normal_iVnWR7.jpg,0,Normal,0.7803822214679667
Normal_ivZKm0.jpg,1,Anomaly,0.7211732014683834
Normal_ixaIkK.jpg,0,Normal,0.7815443881963223
Normal_IXwoHH.jpg,0,Normal,0.7753253141509291
Normal_IZJ84h.jpg,0,Normal,0.6083473766334209
Normal_j3MhJY.jpg,1,Anomaly,0.6787024354073125
Normal_J42a8h.jpg,1,Anomaly,0.607600806294676
Normal_J8DwgF.jpg,0,Normal,0.6094258253455342
Normal_jBcKiQ.jpg,1,Anomaly,0.6762432057119558
Normal_jbHaDc.jpg,0,Normal,0.7700180020707003
Normal_JczGxt.jpg,0,Normal,0.7799415065222072
Normal_je1se7.jpg,1,Anomaly,0.7117685493752667
Normal_jfMx4w.jpg,0,Normal,0.7795774230687256
Normal_jGlXxR.jpg,1,Anomaly,0.7020489363785571
Normal_jgUF5B.jpg,0,Normal,0.7671547835308841
Normal_jhDmys.jpg,0,Normal,0.7634148936649376
Normal_JHPYmp.jpg,1,Anomaly,0.7138487668609861
Normal_jHv1wm.jpg,1,Anomaly,0.7518242510521097
Normal_jnRJUY.jpg,0,Normal,0.7703078836462807
Normal_jphtfg.jpg,1,Anomaly,0.7539562805311185
Normal_jQzC0Y.jpg,0,Normal,0.7683463694914685
Normal_jrahPx.jpg,0,Normal,0.7955282898013073
Normal_JSiip7.jpg,1,Anomaly,0.6790169778511673
Normal_Jvxyjz.jpg,0,Normal,0.7735451228709012
Normal_JwNauq.jpg,1,Anomaly,0.7537466480888483
Normal_JYpBHH.jpg,0,Normal,0.6097436080062308
Normal_jzEGIu.jpg,1,Anomaly,0.7550272966956935
Normal_K1Lwn2.jpg,0,Normal,0.6142310837445185
Normal_K2BWnn.jpg,0,Normal,0.7639713344774594
Normal_K3q7i5.jpg,0,Normal,0.7658906285085717
Normal_k4mnbQ.jpg,1,Anomaly,0.7342067155367421
Normal_K5R0hA.jpg,0,Normal,0.7819589426081883
Normal_k8E5LI.jpg,1,Anomaly,0.7532655715494486
Normal_kAiWhB.jpg,0,Normal,0.6157260288711721
Normal_KAjpNw.jpg,0,Normal,0.6082501083062566
Normal_KaqAwp.jpg,1,Anomaly,0.7432411523324826
Normal_kCueae.jpg,1,Anomaly,0.6332400642097897
Normal_KF4rw5.jpg,0,Normal,0.6095447389286972
Normal_KfaqUz.jpg,0,Normal,0.7759542694431149
Normal_kGpKjA.jpg,1,Anomaly,0.7299706913541384
Normal_kgxHV2.jpg,1,Anomaly,0.7344334997429016
Normal_kgxwQH.jpg,1,Anomaly,0.6215843335620521
Normal_khPkdP.jpg,0,Normal,0.7825123507720035
Normal_KHyhFD.jpg,0,Normal,0.7806994307440179
Normal_Kjio24.jpg,0,Normal,0.7712518638061729
Normal_kJN8vD.jpg,0,Normal,0.6138689221331881
Normal_kJPaEz.jpg,0,Normal,0.6152452714061534
Normal_KLmH4T.jpg,0,Normal,0.6147191886442563
Normal_klp1C1.jpg,0,Normal,0.7809552868618077
Normal_kLwOY5.jpg,0,Normal,0.7627377854384725
Normal_KM8UWT.jpg,1,Anomaly,0.6976075526798999
Normal_KN3ihx.jpg,0,Normal,0.6091745824200563
Normal_Kn4aqf.jpg,1,Anomaly,0.6296798346027899
Normal_KpfaeL.jpg,0,Normal,0.779474192972962
Normal_kPmFmX.jpg,0,Normal,0.7663052014669984
Normal_KQM9fX.jpg,0,Normal,0.7809428476386551
Normal_kqQzxp.jpg,0,Normal,0.6157686298626606
Normal_KtZZuF.jpg,0,Normal,0.7854528069107942
Normal_kUxtOs.jpg,0,Normal,0.7782045701138348
Normal_kVjcGF.jpg,1,Anomaly,0.6054969061880947
Normal_kwIN21.jpg,0,Normal,0.7773615326689518
Normal_KWRALP.jpg,1,Anomaly,0.7084944109631968
Normal_kzIqig.jpg,0,Normal,0.7769886752388964
Normal_L0bMxf.jpg,1,Anomaly,0.7189240201846742
Normal_l1HPF7.jpg,0,Normal,0.7846934691727063
Normal_l2zvPb.jpg,1,Anomaly,0.623823497766391
Normal_l8brV1.jpg,0,Normal,0.6092896899863572
Normal_LaebQd.jpg,0,Normal,0.7822724450810835
Normal_lbm0c2.jpg,0,Normal,0.7754459013953529
Normal_lBTAqp.jpg,0,Normal,0.6161556770213352
Normal_LEt4Dr.jpg,0,Normal,0.7646508328032171
Normal_LFjYB8.jpg,0,Normal,0.7630381658835086
Normal_lgDOsH.jpg,0,Normal,0.6164432133196236
Normal_lizTGN.jpg,1,Anomaly,0.7184330341814453
Normal_LJLjKu.jpg,0,Normal,0.7950270542649044
Normal_llp5NP.jpg,0,Normal,0.7668243464051783
Normal_LmyA6I.jpg,0,Normal,0.6105942481471363
Normal_lp1JKw.jpg,0,Normal,0.614712806453126
Normal_lP4tul.jpg,0,Normal,0.7777555805877499
Normal_LpiY2n.jpg,0,Normal,0.7695666379253481
Normal_Lq8DIX.jpg,0,Normal,0.7812810927457428
Normal_ltT6Ke.jpg,0,Normal,0.778985154467815
Normal_lUYyjn.jpg,1,Anomaly,0.7491904250644841
Normal_LwsOjP.jpg,1,Anomaly,0.6156599483524106
Normal_lZjwfa.jpg,1,Anomaly,0.7015942890822713
Normal_lzSci8.jpg,0,Normal,0.7609015394601935
Normal_m0lECV.jpg,0,Normal,0.7958485899653316
Normal_M0p9p9.jpg,0,Normal,0.7670499457996536
Normal_m4p19p.jpg,1,Anomaly,0.6732089366003424
Normal_M5aL7G.jpg,1,Anomaly,0.6735792441256149
Normal_MAC9Zp.jpg,0,Normal,0.6146714699085385
Normal_MaihZT.jpg,0,Normal,0.7808830872350526
Normal_MaND13.jpg,1,Anomaly,0.7145980708499027
Normal_mAsSjF.jpg,0,Normal,0.7815658468717466
Normal_mBn87E.jpg,0,Normal,0.6157314754688187
Normal_MCjWCb.jpg,0,Normal,0.7638430878230358
Normal_MFswRV.jpg,0,Normal,0.7837353959386525
Normal_Mfv68X.jpg,0,Normal,0.7661969607451158
Normal_Mfyh5M.jpg,0,Normal,0.6154516643253038
Normal_MfyMYD.jpg,0,Normal,0.7820503219686925
Normal_MG8UDV.jpg,0,Normal,0.7803857073584501
Normal_mh6RgN.jpg,1,Anomaly,0.7380045465054865
Normal_mhqQPG.jpg,0,Normal,0.7814292779562402
Normal_MhRerp.jpg,1,Anomaly,0.6697331684788708
Normal_mKpobA.jpg,0,Normal,0.7648632627061187
Normal_Mn5mho.jpg,0,Normal,0.6084497117766159
Normal_mQpGym.jpg,0,Normal,0.7712633835256153
Normal_mr1GVv.jpg,0,Normal,0.7727145099796413
Normal_mri4kt.jpg,0,Normal,0.6158402440797175
Normal_MS2k97.jpg,1,Anomaly,0.7075992004881411
Normal_msaLUY.jpg,0,Normal,0.6082627788816504
Normal_mT1F5M.jpg,0,Normal,0.7676010295220341
Normal_MTGPFk.jpg,0,Normal,0.7819579048053277
Normal_mVqiKL.jpg,1,Anomaly,0.7572729440119288
Normal_MWq8o3.jpg,1,Anomaly,0.6280000488703246
Normal_MxMyxl.jpg,1,Anomaly,0.7184207322459675
Normal_mXoGxt.jpg,1,Anomaly,0.6752077660029878
Normal_mxSsFO.jpg,0,Normal,0.6137247563691246
Normal_n1S9WD.jpg,0,Normal,0.7805039286783284
Normal_n5nWiB.jpg,1,Anomaly,0.6306183634022999
Normal_N7jVEE.jpg,1,Anomaly,0.7188534817858798
Normal_n7TlXJ.jpg,1,Anomaly,0.6131061334932557
Normal_N87KB6.jpg,1,Anomaly,0.7514098518290727
Normal_N8Lrcm.jpg,0,Normal,0.7673626207928699
Normal_n9fvU3.jpg,1,Anomaly,0.6091835771053377
Normal_ndRwPz.jpg,0,Normal,0.6091862630290141
Normal_nflTan.jpg,1,Anomaly,0.6699483003718127
Normal_NFsadA.jpg,0,Normal,0.616149499367564
Normal_ngo68I.jpg,1,Anomaly,0.6762105108936971
Normal_NgoYx0.jpg,0,Normal,0.6151126549269552
Normal_NHHRU7.jpg,1,Anomaly,0.6146872324867437
Normal_nj9Wxr.jpg,0,Normal,0.7671526407897651
Normal_NjzDDw.jpg,0,Normal,0.6088135579876248
Normal_nk7vuW.jpg,0,Normal,0.7644333601452646
Normal_nkQEKC.jpg,1,Anomaly,0.7600731440739461
Normal_nlFy5C.jpg,1,Anomaly,0.7628426547384293
Normal_nMK6f1.jpg,1,Anomaly,0.7114420106633742
Normal_NNyGTK.jpg,1,Anomaly,0.7170836546439872
Normal_nOmGMv.jpg,0,Normal,0.7633300998895377
Normal_npViak.jpg,1,Anomaly,0.6786262216240104
Normal_nt44ka.jpg,0,Normal,0.76991571697944
Normal_NTstBL.jpg,0,Normal,0.763469655926491
Normal_NUhVkC.jpg,0,Normal,0.6154483919205584
Normal_nVhMNb.jpg,0,Normal,0.7796998664810871
Normal_nVpeU3.jpg,0,Normal,0.6168104612493781
Normal_NVxC5q.jpg,0,Normal,0.7786512377331329
Normal_Nw4M3o.jpg,1,Anomaly,0.6740559848427103
Normal_nX0jx8.jpg,0,Normal,0.7800039957420609
Normal_nyKglu.jpg,0,Normal,0.6157047723793183
Normal_nYUvfQ.jpg,0,Normal,0.6119276702567518
Normal_nZOkcJ.jpg,1,Anomaly,0.7139878312397736
Normal_NZTAvM.jpg,0,Normal,0.6149384052533113
Normal_o3WXWh.jpg,0,Normal,0.7794511745361801
Normal_o7ezWM.jpg,0,Normal,0.7792765473379276
Normal_obcIfn.jpg,0,Normal,0.6148195625065753
Normal_Oc5r5Y.jpg,0,Normal,0.7967816354757227
Normal_ocbpoQ.jpg,0,Normal,0.7806872801812368
Normal_oCf0Zn.jpg,0,Normal,0.796427794461309
Normal_ODaY86.jpg,0,Normal,0.7674981451340339
Normal_ODSQtD.jpg,0,Normal,0.7776514116793926
Normal_oEGe7r.jpg,1,Anomaly,0.6307801927410628
Normal_Og5oUp.jpg,0,Normal,0.7686226621501135
Normal_oGQ9Fi.jpg,0,Normal,0.7757584762236867
Normal_OgRKi7.jpg,1,Anomaly,0.7190198872525915
Normal_oio5CU.jpg,0,Normal,0.6090422506681916
Normal_OjcD62.jpg,0,Normal,0.7639080781520624
Normal_OlV1EX.jpg,1,Anomaly,0.7629570056460255
Normal_OlxiLP.jpg,1,Anomaly,0.7523944387015975
Normal_OmazUU.jpg,0,Normal,0.7794015170084525
Normal_OojnEC.jpg,1,Anomaly,0.6793051515595835
Normal_OomBJu.jpg,0,Normal,0.7950315828540374
Normal_Oq5Ike.jpg,1,Anomaly,0.6301428692678264
Normal_OqWThA.jpg,0,Normal,0.609101513196049
Normal_oRPMfl.jpg,0,Normal,0.7797570558140208
Normal_OTCRsd.jpg,0,Normal,0.78084193154114
Normal_oTOZ59.jpg,0,Normal,0.6162267355076344
Normal_OtuqAk.jpg,0,Normal,0.7755017097936053
Normal_ou0KXd.jpg,0,Normal,0.7657202895384089
Normal_OU3pTf.jpg,1,Anomaly,0.673874324480855
Normal_ovcWIk.jpg,0,Normal,0.7619084974905513
Normal_ovuJ9x.jpg,1,Anomaly,0.7105282851953909
Normal_Ox7L6X.jpg,0,Normal,0.7723969177270597
Normal_OXsf8a.jpg,0,Normal,0.6160117300053582
Normal_OYa6UY.jpg,0,Normal,0.7847415117185559
Normal_oz9ga5.jpg,0,Normal,0.7970569667640733
Normal_P35zI0.jpg,0,Normal,0.7694292625583701
Normal_p6R3U9.jpg,0,Normal,0.7827115124922417
Normal_P6tmWd.jpg,0,Normal,0.7635217740066813
Normal_p7Ar6H.jpg,0,Normal,0.7711956437643654
Normal_paI5xu.jpg,1,Anomaly,0.7558857578280243
Normal_pAlKNA.jpg,0,Normal,0.6154669763960307
Normal_PcmHbQ.jpg,0,Normal,0.795893760571371
Normal_pdQmPU.jpg,1,Anomaly,0.7140405166107873
Normal_pGHlnr.jpg,0,Normal,0.7754667528029847
Normal_pGV3av.jpg,0,Normal,0.7707278092028917
Normal_pHoeBB.jpg,0,Normal,0.7775841863301841
Normal_PHvTOv.jpg,0,Normal,0.7694152226785665
Normal_pihqee.jpg,0,Normal,0.6095620421050973
Normal_PKGrav.jpg,0,Normal,0.6151955818390694
Normal_pkr3g6.jpg,1,Anomaly,0.6155369785101709
Normal_pl4qgx.jpg,1,Anomaly,0.6877365272300164
Normal_PlOjkk.jpg,1,Anomaly,0.7474440315611179
Normal_PMAtxm.jpg,1,Anomaly,0.7625204622545974
Normal_PnkIQp.jpg,1,Anomaly,0.7107343615772947
Normal_pNoPiw.jpg,1,Anomaly,0.7224388646625703
Normal_Pokkez.jpg,0,Normal,0.7798341495256341
Normal_PoKTfE.jpg,1,Anomaly,0.7636623514943037
Normal_pPcvLS.jpg,1,Anomaly,0.7281714678544733
Normal_pPRmzF.jpg,1,Anomaly,0.6344733289105706
Normal_pqERMv.jpg,1,Anomaly,0.7008763908287966
Normal_pqGYVq.jpg,0,Normal,0.7652976612563528
Normal_pqnW3L.jpg,1,Anomaly,0.6741305588049726
Normal_pQt7Eu.jpg,0,Normal,0.6093761316563991
Normal_PreMTQ.jpg,1,Anomaly,0.736375918639901
Normal_pT3PVW.jpg,0,Normal,0.7680915262755261
Normal_PubWfx.jpg,1,Anomaly,0.6946680988230356
Normal_Punvs1.jpg,1,Anomaly,0.7627505372796302
Normal_puUoL7.jpg,0,Normal,0.7830743770884017
Normal_pW5LIJ.jpg,1,Anomaly,0.7186079203072289
Normal_PwYnc6.jpg,0,Normal,0.7927569190068722
Normal_PxoX6i.jpg,0,Normal,0.7724751541586445
Normal_Pyq9AU.jpg,0,Normal,0.7703463135399065
Normal_pYqdpG.jpg,0,Normal,0.7844992370689166
Normal_q09aFb.jpg,0,Normal,0.7810651106276402
Normal_Q3AMli.jpg,0,Normal,0.7797916486013811
Normal_Q57XQj.jpg,1,Anomaly,0.6742313890009426
Normal_q5KUie.jpg,1,Anomaly,0.7590237394423149
Normal_q8jTXC.jpg,0,Normal,0.7965241457465841
Normal_Q8ZGAf.jpg,0,Normal,0.6089788725783803
Normal_qCSn0K.jpg,1,Anomaly,0.6785690523595285
Normal_qcyYyv.jpg,0,Normal,0.7791141637025656
Normal_QEXneB.jpg,0,Normal,0.7831497231787575
Normal_qGk0cs.jpg,0,Normal,0.7827821401920634
Normal_qgt7ie.jpg,0,Normal,0.7964877360553352
Normal_qhgE2p.jpg,0,Normal,0.6094713226957622
Normal_qIAGNz.jpg,0,Normal,0.6087093887439459
Normal_QIMM8P.jpg,0,Normal,0.795379959059467
Normal_qJEEF8.jpg,0,Normal,0.7826962618528869
Normal_QJvHng.jpg,0,Normal,0.7841865601051117
Normal_QLLVvR.jpg,0,Normal,0.6154735253056651
Normal_QOl7Ka.jpg,0,Normal,0.7810638490101938
Normal_qoswbC.jpg,0,Normal,0.7779957414374403
Normal_qPE5PK.jpg,0,Normal,0.61521661468144
Normal_QpWSgY.jpg,1,Anomaly,0.6163154604898625
Normal_QQFa0Y.jpg,0,Normal,0.7820434860586745
Normal_QRmSqw.jpg,0,Normal,0.7704872177688582
Normal_qSjfte.jpg,0,Normal,0.7781915457491226
Normal_qSOgTq.jpg,0,Normal,0.7916684857722717
Normal_QSQH4n.jpg,1,Anomaly,0.7589661780165505
Normal_QVDZkE.jpg,1,Anomaly,0.6786785538663986
Normal_Qvma9x.jpg,0,Normal,0.6085642954302336
Normal_QWntZe.jpg,0,Normal,0.7709422465925313
Normal_qwqTzT.jpg,0,Normal,0.6080756645461687
Normal_QXJIAk.jpg,1,Anomaly,0.7588319000933094
Normal_qyLCOu.jpg,1,Anomaly,0.717699323192435
Normal_r1oXIJ.jpg,1,Anomaly,0.7609426485264486
Normal_r2qTaz.jpg,0,Normal,0.6136738983273774
Normal_R2rKbC.jpg,0,Normal,0.7821928609185267
Normal_R2TYla.jpg,0,Normal,0.7662262159044599
Normal_R5IKFv.jpg,1,Anomaly,0.7152699996521066
Normal_r5Z8RH.jpg,0,Normal,0.7650513576560058
Normal_r6dvE9.jpg,0,Normal,0.612164033671829
Normal_R8hB4X.jpg,0,Normal,0.6154021906887415
Normal_r8xiWW.jpg,0,Normal,0.7777219648705713
Normal_rabX4Y.jpg,1,Anomaly,0.7177418389364076
Normal_RAXnu5.jpg,0,Normal,0.615041491486747
Normal_rbw3S2.jpg,0,Normal,0.7642014760993889
Normal_RcJa5h.jpg,1,Anomaly,0.6322079373257545
Normal_RDUr7b.jpg,0,Normal,0.780522975578474
Normal_rG3JE7.jpg,0,Normal,0.7947802701265143
Normal_Ri7hcQ.jpg,0,Normal,0.7792566767774113
Normal_RJOfzP.jpg,1,Anomaly,0.6782809012262937
Normal_rKkMW9.jpg,1,Anomaly,0.621852981965261
Normal_rmu047.jpg,1,Anomaly,0.7147922563719402
Normal_RNtCg8.jpg,0,Normal,0.7721847893233157
Normal_rntN2V.jpg,0,Normal,0.7616200552100877
Normal_RoE0Aa.jpg,0,Normal,0.780512562035903
Normal_RQ0qIk.jpg,1,Anomaly,0.751365392952051
Normal_rslOhP.jpg,1,Anomaly,0.6140412929459258
Normal_Ru6R24.jpg,0,Normal,0.7646267396174348
Normal_ruAIsh.jpg,1,Anomaly,0.7567105007169539
Normal_ryAAk8.jpg,0,Normal,0.7728970560746644
Normal_RYI9G6.jpg,0,Normal,0.7728991881620937
Normal_ryqVBe.jpg,0,Normal,0.7806097595000061
Normal_RywEeK.jpg,0,Normal,0.7696656258524474
Normal_S0ixwB.jpg,0,Normal,0.7808605993761604
Normal_s2UJ51.jpg,1,Anomaly,0.7217949758300379
Normal_S9Lk7J.jpg,1,Anomaly,0.7330719269075385
Normal_sAh6Or.jpg,1,Anomaly,0.7049970779534103
Normal_SakQ0H.jpg,0,Normal,0.7805022357486842
Normal_sbjABK.jpg,0,Normal,0.7820289004983303
Normal_scE4IU.jpg,0,Normal,0.795746471289875
Normal_sCzaD1.jpg,0,Normal,0.7735367775871597
Normal_SdstEU.jpg,1,Anomaly,0.7226916171079039
Normal_sE8mKx.jpg,0,Normal,0.7750586129284698
Normal_sGi5af.jpg,0,Normal,0.6145382339004446
Normal_SGVA4Y.jpg,1,Anomaly,0.7291874071529836
Normal_sHG1Mt.jpg,0,Normal,0.7953065890314198
Normal_shKznX.jpg,1,Anomaly,0.6821102706535549
Normal_shlVoe.jpg,0,Normal,0.7726056004652414
Normal_SK3qMV.jpg,0,Normal,0.7802347143254172
Normal_SKIH63.jpg,0,Normal,0.7748922731546876
Normal_smKQpe.jpg,1,Anomaly,0.6698777215708056
Normal_smv1w8.jpg,1,Anomaly,0.7522129607318215
Normal_sNFSj7.jpg,1,Anomaly,0.7213353232979751
Normal_Snk1HZ.jpg,0,Normal,0.6147208414297608
Normal_sOsNEx.jpg,1,Anomaly,0.6747336955545795
Normal_SOZ4aA.jpg,0,Normal,0.7842223306352233
Normal_sqRwGP.jpg,1,Anomaly,0.681664316853435
Normal_SrB77E.jpg,0,Normal,0.609150166852285
Normal_srIsth.jpg,1,Anomaly,0.6787997935181083
Normal_Ss9XYR.jpg,0,Normal,0.7631509372690775
Normal_SUFX9N.jpg,0,Normal,0.7760078589291289
Normal_SuUiiT.jpg,0,Normal,0.7835135694680896
Normal_sUxwhT.jpg,1,Anomaly,0.7171324570895349
Normal_SvUQL2.jpg,1,Anomaly,0.6233116019451344
Normal_SwGvjE.jpg,0,Normal,0.778881858759601
Normal_Sy726D.jpg,1,Anomaly,0.7147564819314023
Normal_sZCrDu.jpg,1,Anomaly,0.6239237159731597
Normal_sZSnOh.jpg,0,Normal,0.7786949074963251
Normal_T0K4CW.jpg,1,Anomaly,0.6292041041575959
Normal_t4Abvn.jpg,0,Normal,0.6161597317342778
Normal_T5dncF.jpg,0,Normal,0.777090105620545
Normal_t8FENs.jpg,0,Normal,0.614390020847579
Normal_T8t5j7.jpg,0,Normal,0.6084472620206793
Normal_T9iZKT.jpg,0,Normal,0.6082131590338182
Normal_TA5NL2.jpg,1,Anomaly,0.7514049653515767
Normal_tAWW2C.jpg,0,Normal,0.7715439428130679
Normal_tcSRZ1.jpg,0,Normal,0.6102851440445765
Normal_TDkDI3.jpg,1,Anomaly,0.6757175363844061
Normal_teAszI.jpg,0,Normal,0.6141562125083821
Normal_tEgW8l.jpg,1,Anomaly,0.7602814804239112
Normal_tEqo8T.jpg,0,Normal,0.7764210854053637
Normal_tgk0Dh.jpg,0,Normal,0.7638632120188591
Normal_TJphaL.jpg,0,Normal,0.6078618991873935
Normal_tl7VUJ.jpg,0,Normal,0.6094418767670611
Normal_TMHiyu.jpg,1,Anomaly,0.711191897848632
Normal_TOoP4s.jpg,1,Anomaly,0.6301048764272718
Normal_ToXOGJ.jpg,0,Normal,0.6091879865563006
Normal_TReWVe.jpg,0,Normal,0.7743278359496837
Normal_tRTmfW.jpg,1,Anomaly,0.7331858964541007
Normal_tu2kny.jpg,0,Normal,0.6116272626143437
Normal_TuTyiZ.jpg,1,Anomaly,0.7179382255985262
Normal_tVdgBI.jpg,1,Anomaly,0.6722979031471664
Normal_tVP5Fu.jpg,0,Normal,0.7806799873249304
Normal_TwkVE5.jpg,0,Normal,0.6092090457367787
Normal_tWt06N.jpg,1,Anomaly,0.7544674147190323
Normal_tX2k6z.jpg,0,Normal,0.6097217265280827
Normal_tY9OU4.jpg,1,Anomaly,0.7215032067068949
Normal_tySJJj.jpg,1,Anomaly,0.6305520720325711
Normal_tZCCad.jpg,0,Normal,0.7971851882035812
Normal_U0A8kL.jpg,0,Normal,0.6161867879827378
Normal_U3pjaE.jpg,1,Anomaly,0.6996665060497742
Normal_U4bYSm.jpg,0,Normal,0.6158616796567851
Normal_u7UPxi.jpg,0,Normal,0.7803573232598374
Normal_U8gttp.jpg,0,Normal,0.7647780866531473
Normal_UaZnd5.jpg,1,Anomaly,0.6306702161615121
Normal_ub78EL.jpg,0,Normal,0.6157437330652185
Normal_Uc1TZH.jpg,0,Normal,0.6131009701096127
Normal_UcCekP.jpg,1,Anomaly,0.7174584088588161
Normal_UEGAfB.jpg,0,Normal,0.6130421148620229
Normal_Ugf0bn.jpg,1,Anomaly,0.6726799374709502
Normal_UGMNX9.jpg,1,Anomaly,0.6726049015332203
Normal_uHFM23.jpg,0,Normal,0.613670694260583
Normal_uhi8rT.jpg,0,Normal,0.7797798529581219
Normal_Uj64xt.jpg,0,Normal,0.6086643968278389
Normal_ukackr.jpg,0,Normal,0.6143229843786425
Normal_uld8Gx.jpg,0,Normal,0.6146189071055295
Normal_UlEI0v.jpg,0,Normal,0.7794346379315154
Normal_UnSGfX.jpg,1,Anomaly,0.6789275994014912
Normal_uQHxcm.jpg,0,Normal,0.7696993209242811
Normal_uQMmI3.jpg,0,Normal,0.7680706295727682
Normal_ur0u8W.jpg,0,Normal,0.7756755383048606
Normal_uRqGGT.jpg,0,Normal,0.7841058067426647
Normal_UrR8nb.jpg,0,Normal,0.774614083074965
Normal_USOomL.jpg,0,Normal,0.6139515891122187
Normal_uT1F9b.jpg,0,Normal,0.7802168302349419
Normal_UTV6o2.jpg,1,Anomaly,0.7504531369549863
Normal_UuS5hy.jpg,0,Normal,0.7644154821881606
Normal_UxK2QW.jpg,0,Normal,0.6091848096512431
Normal_uxzb70.jpg,0,Normal,0.7675334100490323
Normal_UYm3qM.jpg,0,Normal,0.7724943792099976
Normal_UYRcXq.jpg,0,Normal,0.6156628594587853
Normal_uyXyDr.jpg,0,Normal,0.6145210123296667
Normal_V2wrzM.jpg,1,Anomaly,0.6719174460330148
Normal_V53txc.jpg,0,Normal,0.7710287247647948
Normal_v5m4YW.jpg,0,Normal,0.7936663024370856
Normal_v6aAEi.jpg,0,Normal,0.783199553015183
Normal_v89ZFF.jpg,1,Anomaly,0.6728933822073924
Normal_vA5YIZ.jpg,0,Normal,0.7814083118483617
Normal_vaaWWk.jpg,0,Normal,0.7613170604718703
Normal_Vb2Xjw.jpg,0,Normal,0.7745669714218228
Normal_VbuBzM.jpg,0,Normal,0.6104679985600672
Normal_vcNjIm.jpg,0,Normal,0.608797400381488
Normal_VEHBrn.jpg,0,Normal,0.6159977986166058
Normal_VFmuFy.jpg,0,Normal,0.608969842421099
Normal_VGFl4D.jpg,0,Normal,0.6129932624377624
Normal_ViLCp7.jpg,1,Anomaly,0.7250497491418804
Normal_ViW7qV.jpg,0,Normal,0.772733561119802
Normal_Vm1FZl.jpg,0,Normal,0.7776757571411713
Normal_VMao62.jpg,0,Normal,0.7815773110258938
Normal_vnkKS6.jpg,0,Normal,0.777777832129101
Normal_vnsQKE.jpg,1,Anomaly,0.7209804254545893
Normal_vpqxdu.jpg,0,Normal,0.7710611471906259
Normal_VPy6H3.jpg,0,Normal,0.7820502686753771
Normal_VRmzdb.jpg,1,Anomaly,0.7635999554402007
Normal_vRNv00.jpg,0,Normal,0.7792070024091254
Normal_vTlK74.jpg,1,Anomaly,0.682901826280193
Normal_VUJeJs.jpg,0,Normal,0.7792204591595182
Normal_VvRiPm.jpg,0,Normal,0.6085502134867727
Normal_w7yCcY.jpg,0,Normal,0.7809002741102523
Normal_WbDtzS.jpg,0,Normal,0.7778387436234359
Normal_wbMxz3.jpg,0,Normal,0.7830217122701405
Normal_wcXd1f.jpg,1,Anomaly,0.7543177237647054
Normal_WFC2HR.jpg,0,Normal,0.777476358267655
Normal_WfEHku.jpg,1,Anomaly,0.7577234661235319
Normal_WfgKlQ.jpg,0,Normal,0.7627317175665957
Normal_wfHQTd.jpg,0,Normal,0.7817050586699099
Normal_wggF6v.jpg,0,Normal,0.7801741196071945
Normal_WGTSH2.jpg,0,Normal,0.767033310815084
Normal_wioQsr.jpg,0,Normal,0.6148798015051632
Normal_wK3sF9.jpg,0,Normal,0.7612531545651572
Normal_wlboGA.jpg,1,Anomaly,0.674962858664511
Normal_WlzjgB.jpg,0,Normal,0.6144200165333228
Normal_woBQ8Y.jpg,0,Normal,0.7666417119482649
Normal_WQ7Eca.jpg,0,Normal,0.7921679534034717
Normal_WrVcUe.jpg,0,Normal,0.6143792382663443
Normal_WRyGej.jpg,0,Normal,0.6138076179971126
Normal_Wu4Tyg.jpg,0,Normal,0.6147872223274317
Normal_WuLxrD.jpg,1,Anomaly,0.7388751426375795
Normal_wV0ZVS.jpg,0,Normal,0.6093653632778645
Normal_wVOJKo.jpg,1,Anomaly,0.7411307309491413
Normal_wvSUSS.jpg,0,Normal,0.7615161746082187
Normal_WYMxEk.jpg,1,Anomaly,0.7162431456648467
Normal_wZtfMt.jpg,0,Normal,0.7805844199320482
Normal_X4fs9R.jpg,0,Normal,0.776656967367271
Normal_X8bLVX.jpg,1,Anomaly,0.7277386465992991
Normal_X9VqIo.jpg,0,Normal,0.7793697267892115
Normal_xbj6zf.jpg,0,Normal,0.608880063275953
Normal_XC4IcR.jpg,0,Normal,0.7803195617427428
Normal_Xc4T8h.jpg,0,Normal,0.611008862574222
Normal_XcTiFd.jpg,1,Anomaly,0.6285567353091299
Normal_XeXSBY.jpg,0,Normal,0.6123607731673117
Normal_xG01eD.jpg,0,Normal,0.7808172391293703
Normal_xhUlKj.jpg,0,Normal,0.608339152354338
Normal_xhZLAx.jpg,0,Normal,0.7807132815224727
Normal_xiwmPJ.jpg,0,Normal,0.7617642308347519
Normal_XJcgNn.jpg,0,Normal,0.6130436483985235
Normal_XJYl9m.jpg,1,Anomaly,0.7191563699738809
Normal_XlHcjr.jpg,0,Normal,0.7960993715362981
Normal_xLhH66.jpg,0,Normal,0.7759558075078271
Normal_XpdSBC.jpg,0,Normal,0.796162725293492
Normal_xpOSMj.jpg,0,Normal,0.7633009492224619
Normal_Xq4gNC.jpg,0,Normal,0.6154906059554306
Normal_XQfesZ.jpg,0,Normal,0.7809643536694657
Normal_XRQKpe.jpg,0,Normal,0.7652428322460778
Normal_XRqpO1.jpg,0,Normal,0.7759734259638257
Normal_Xsm3vq.jpg,0,Normal,0.7873490433240982
Normal_xstS6x.jpg,0,Normal,0.7600515606180475
Normal_XsYZHu.jpg,0,Normal,0.7794377764485586
Normal_xTS7O0.jpg,0,Normal,0.6148792838430926
Normal_XUVEUP.jpg,1,Anomaly,0.7330584449711787
Normal_Xvvhew.jpg,0,Normal,0.7738332101160476
Normal_Xw3BD5.jpg,0,Normal,0.7604235756730237
Normal_xW55WC.jpg,0,Normal,0.7643588433321411
Normal_XwtMME.jpg,1,Anomaly,0.6294277709068233
Normal_xXDuta.jpg,0,Normal,0.765642470425852
Normal_xzNu4T.jpg,0,Normal,0.781769972094751
Normal_y0qS0q.jpg,1,Anomaly,0.7351239783285526
Normal_Y372A3.jpg,0,Normal,0.7815122818652486
Normal_y4ceKZ.jpg,1,Anomaly,0.6120428989782595
Normal_Y5O05P.jpg,0,Normal,0.7699541848442468
Normal_Y5xPzG.jpg,0,Normal,0.7701971777989208
Normal_y7saYR.jpg,0,Normal,0.7724507848876581
Normal_Y9fXfX.jpg,1,Anomaly,0.7589439105709244
Normal_Ya2Ibb.jpg,1,Anomaly,0.6344807591653948
Normal_YcIJ3w.jpg,0,Normal,0.6092140639999806
Normal_YczO69.jpg,0,Normal,0.7728242628697739
Normal_YDyKS0.jpg,0,Normal,0.7782264826161266
Normal_YFelt9.jpg,1,Anomaly,0.7548536451642374
Normal_yfFJpX.jpg,0,Normal,0.7688791683946695
Normal_YfgIfg.jpg,1,Anomaly,0.7144045714501762
Normal_YgbBoo.jpg,0,Normal,0.7826981289494152
Normal_ygFM17.jpg,0,Normal,0.6082086358944545
Normal_yjJ8bu.jpg,0,Normal,0.7823263413583269
Normal_YKbk97.jpg,0,Normal,0.7598718812308269
Normal_yKjcYl.jpg,0,Normal,0.7816125740529697
Normal_YKsFZw.jpg,1,Anomaly,0.7367265208866346
Normal_YKV3RF.jpg,1,Anomaly,0.7325777573857277
Normal_yLtF2X.jpg,0,Normal,0.797784406974378
Normal_yltG3i.jpg,0,Normal,0.7642761168755203
Normal_YojcLj.jpg,1,Anomaly,0.6983410399253842
Normal_ypFzp4.jpg,0,Normal,0.6144571244631316
Normal_yPXhMK.jpg,0,Normal,0.7778376628471616
Normal_YqbX9v.jpg,1,Anomaly,0.7212688399498022
Normal_yqRf35.jpg,0,Normal,0.7796449635465768
Normal_YQsLgS.jpg,0,Normal,0.6110180995009867
Normal_yQVIce.jpg,1,Anomaly,0.7531701675558063
Normal_yR8rrD.jpg,0,Normal,0.6168025809908737
Normal_yRMLR7.jpg,1,Anomaly,0.7160310634604874
Normal_ySQO3b.jpg,0,Normal,0.7797307158078589
Normal_ystanR.jpg,0,Normal,0.7665367122061258
Normal_YSYr14.jpg,0,Normal,0.616064559827112
Normal_Yv22dm.jpg,0,Normal,0.7706981771625719
Normal_YVUFuL.jpg,0,Normal,0.6161391337211879
Normal_yww7Pt.jpg,1,Anomaly,0.6099068408644124
Normal_yY6ktF.jpg,0,Normal,0.7842226689131563
Normal_YZ6GrE.jpg,0,Normal,0.781790606921116
Normal_yZnLzl.jpg,0,Normal,0.6090884834985224
Normal_YzNuyK.jpg,0,Normal,0.7642560018695597
Normal_Z10DIZ.jpg,1,Anomaly,0.723114990482502
Normal_z2KPpL.jpg,1,Anomaly,0.7546753203117671
Normal_ZAJ0Pr.jpg,0,Normal,0.6151177013673786
Normal_zAPa4K.jpg,0,Normal,0.7724488688474571
Normal_ZdpZgC.jpg,1,Anomaly,0.629050351832213
Normal_ZG0F2t.jpg,0,Normal,0.7785294112929969
Normal_ZGPULN.jpg,1,Anomaly,0.6738042869759133
Normal_zGyIEK.jpg,1,Anomaly,0.6248103694743157
Normal_zH6kIG.jpg,1,Anomaly,0.7463297589226391
Normal_zHOx0M.jpg,0,Normal,0.6154921200096413
Normal_zIgmBI.jpg,0,Normal,0.780491673889065
Normal_ZjOptb.jpg,0,Normal,0.7745663576268251
Normal_zKlNbT.jpg,1,Anomaly,0.7564531045708066
Normal_zKXDyJ.jpg,0,Normal,0.7818502634524849
Normal_zkyaPM.jpg,1,Anomaly,0.6296782286022626
Normal_Zl7j0U.jpg,0,Normal,0.7687766402702138
Normal_ZlnxlA.jpg,1,Anomaly,0.6880204031492189
Normal_zmArj2.jpg,0,Normal,0.6087287299255624
Normal_ZMBkfA.jpg,1,Anomaly,0.7524658120969725
Normal_ZMDR4M.jpg,0,Normal,0.7939873970056034
Normal_ZMrANM.jpg,0,Normal,0.7786428780536503
Normal_ZNwFfr.jpg,0,Normal,0.6089537002348835
Normal_zOtvXb.jpg,1,Anomaly,0.7174481008568881
Normal_zRJpmV.jpg,0,Normal,0.7793324261602894
Normal_zVcvyg.jpg,0,Normal,0.6098971056812159
Normal_ZVI4tJ.jpg,1,Anomaly,0.7510806093862169
Normal_zxc8nA.jpg,0,Normal,0.6087388076468674
